[
  {
    "plan": "plans/2026-07-13-task242-managed-update-slice.md",
    "plan_hash": "2f92bb646a32a9da4233890c1e42456cc5617e2b118efcb5643cc27dce18d49d",
    "tracker_hash": "b19ca692f1d16e2552b3fa5dcd2e89aea5396f3ad53f4b8346dafb49fb74d95e",
    "synced_at": "2026-07-13T18:03:54.151977+02:00"
  },
  {
    "plan": "plans/2026-07-13-task242-managed-update-slice.md",
    "plan_hash": "fe241b44109d72a5a9031b31d8523e8be6cd97ffca2bf82a2e78512dc8fcafe0",
    "tracker_hash": "37b599534b86a4027c503b4d02d539ee4d76fcfb2ce32c023c5cd194a814b081",
    "synced_at": "2026-07-13T18:29:08.132158+02:00"
  },
  {
    "plan": "plans/2026-07-13-task242-managed-update-slice.md",
    "plan_hash": "fe241b44109d72a5a9031b31d8523e8be6cd97ffca2bf82a2e78512dc8fcafe0",
    "tracker_hash": "b77239f5c00414276cbb82362bbe0e21f15f6baf6c4b4ec610a992c069375a7f",
    "synced_at": "2026-07-13T18:30:03.067545+02:00"
  },
  {
    "plan": "plans/2026-07-13-task242-managed-update-slice.md",
    "plan_hash": "fe241b44109d72a5a9031b31d8523e8be6cd97ffca2bf82a2e78512dc8fcafe0",
    "tracker_hash": "cdb250029e5534ede782819d34887dfbf62a15b36148f7b5aeba23e829c83210",
    "synced_at": "2026-07-13T18:39:07.409423+02:00"
  },
  {
    "plan": "plans/2026-07-13-task242-managed-update-slice.md",
    "plan_hash": "fe241b44109d72a5a9031b31d8523e8be6cd97ffca2bf82a2e78512dc8fcafe0",
    "tracker_hash": "16f5569147389b0df308323957b6fb3a5457e67201b0302cb5bfee584176703a",
    "synced_at": "2026-07-13T18:39:34.166081+02:00"
  },
  {
    "plan": "plans/2026-07-13-task242-managed-update-slice.md",
    "plan_hash": "f23286fa844abd8f87f4483b748398ea21ed1858713fcbd38fe17474f7cfa397",
    "tracker_hash": "fc44cfcae545ebe6da227e73d2f26e85495843b3acdc6825ccc78919e4d9631f",
    "synced_at": "2026-07-13T18:39:34.367515+02:00"
  },
  {
    "plan": "plans/2026-07-13-task242-managed-update-slice.md",
    "plan_hash": "f23286fa844abd8f87f4483b748398ea21ed1858713fcbd38fe17474f7cfa397",
    "tracker_hash": "2874eff8da8ab432801b4817db0c5ac3a58060da4205536224435924c9f55a44",
    "synced_at": "2026-07-13T18:40:29.669649+02:00"
  },
  {
    "plan": "plans/2026-07-13-task242-managed-update-slice.md",
    "plan_hash": "f23286fa844abd8f87f4483b748398ea21ed1858713fcbd38fe17474f7cfa397",
    "tracker_hash": "2874eff8da8ab432801b4817db0c5ac3a58060da4205536224435924c9f55a44",
    "synced_at": "2026-07-14T18:06:36.973067+02:00"
  },
  {
    "plan": "plans/2026-07-13-task242-managed-update-slice.md",
    "plan_hash": "f23286fa844abd8f87f4483b748398ea21ed1858713fcbd38fe17474f7cfa397",
    "tracker_hash": "dd643629e263cdd217d3a4fb08a8dbbc501d3672fc4adb68255413d1c4dbce70",
    "synced_at": "2026-07-14T18:08:28.319451+02:00"
  },
  {
    "plan": "plans/2026-07-13-task242-managed-update-slice.md",
    "plan_hash": "f23286fa844abd8f87f4483b748398ea21ed1858713fcbd38fe17474f7cfa397",
    "tracker_hash": "e40855fbbd297c489799423ddae7b98207a1e9be2a21ea0510a6f4c053a8739f",
    "synced_at": "2026-07-14T18:12:37.856363+02:00"
  },
  {
    "plan": "plans/2026-07-13-task242-managed-update-slice.md",
    "plan_hash": "f23286fa844abd8f87f4483b748398ea21ed1858713fcbd38fe17474f7cfa397",
    "tracker_hash": "5d97ed999eb0ab02cdae1fb9bbd646a7440a6d0202caf974a884ec90d30c3fa8",
    "synced_at": "2026-07-14T18:13:23.721586+02:00"
  },
  {
    "plan": "plans/2026-07-13-task242-managed-update-slice.md",
    "plan_hash": "f23286fa844abd8f87f4483b748398ea21ed1858713fcbd38fe17474f7cfa397",
    "tracker_hash": "3d98a615543dfc85e4ae5bfe58605fb3d7749d6bcad2240983aad2ad1cf47e92",
    "synced_at": "2026-07-14T18:30:37.450865+02:00"
  },
  {
    "plan": "plans/2026-07-13-task242-managed-update-slice.md",
    "plan_hash": "f23286fa844abd8f87f4483b748398ea21ed1858713fcbd38fe17474f7cfa397",
    "tracker_hash": "6fe35ebfecfe4e628f0c41394d195733074907361841d52604d937dc251b2d0f",
    "synced_at": "2026-07-14T18:37:42.309055+02:00"
  },
  {
    "plan": "plans/2026-07-14-task252-shared-hook-bootstrap-hardening.md",
    "plan_hash": "9a3c708ba1803f936a677d7da96a65b92a344bf637b1d6e1319679994bb796e3",
    "tracker_hash": "e872d60fcb6866b987d21830cb2d2b4f0cf03ee55ddd1e88b1adf9b64d35edd0",
    "synced_at": "2026-07-14T19:04:14.578612+02:00"
  },
  {
    "plan": "plans/2026-07-14-task252-shared-hook-bootstrap-hardening.md",
    "plan_hash": "9a3c708ba1803f936a677d7da96a65b92a344bf637b1d6e1319679994bb796e3",
    "tracker_hash": "e872d60fcb6866b987d21830cb2d2b4f0cf03ee55ddd1e88b1adf9b64d35edd0",
    "synced_at": "2026-07-14T19:04:56.669833+02:00"
  },
  {
    "plan": "plans/2026-07-14-task252-shared-hook-bootstrap-hardening.md",
    "plan_hash": "4da1b3c1bc1cb94b62efab26a04e8a4c6681e703452eb8a1765306c27eda8380",
    "tracker_hash": "4d8c9241f4cb73bf66d929d82e14d589e71616815fc3a5e35b9a20b4852562bb",
    "synced_at": "2026-07-14T19:07:58.776721+02:00"
  },
  {
    "plan": "plans/2026-07-14-task252-shared-hook-bootstrap-hardening.md",
    "plan_hash": "fc9c6800846ed0bbf5c1887b0eba843e44789d781ebe342d9bb665e873ee0b99",
    "tracker_hash": "4d8c9241f4cb73bf66d929d82e14d589e71616815fc3a5e35b9a20b4852562bb",
    "synced_at": "2026-07-14T19:08:20.330749+02:00"
  },
  {
    "plan": "plans/2026-07-14-task252-shared-hook-bootstrap-hardening.md",
    "plan_hash": "07c9b2398307d8b8e82b8348fd8dd8a242de88718982de2a4f274811a78dd206",
    "tracker_hash": "a79c4b6cc1fb5f46b88407f5c73ca83d3436d30219acc50b4690f7f70f497e81",
    "synced_at": "2026-07-14T19:35:10.017130+02:00"
  },
  {
    "plan": "plans/2026-07-14-task252-shared-hook-bootstrap-hardening.md",
    "plan_hash": "5b8f5b7c2c7db97277ceb72d609c9338ac4f086883b0f86cd3b75f67da62a9f1",
    "tracker_hash": "dfdffc1cd6b9711df52dc74dba7c1c8fceb09dab7d112aa0276bcdbc35b613ef",
    "synced_at": "2026-07-14T19:43:55.347731+02:00"
  },
  {
    "plan": "plans/2026-07-14-task252-shared-hook-bootstrap-hardening.md",
    "plan_hash": "106ef6187f58adc254119cea0a099c9fba3f99685c39920db123b9bca8638847",
    "tracker_hash": "8f6be21b3cad8cf37baf1a0ffd73a9ba3506c12d83226259f496f59c9a1d6f5e",
    "synced_at": "2026-07-14T19:46:50.208533+02:00"
  },
  {
    "plan": "plans/2026-07-14-task252-shared-hook-bootstrap-hardening.md",
    "plan_hash": "106ef6187f58adc254119cea0a099c9fba3f99685c39920db123b9bca8638847",
    "tracker_hash": "8f6be21b3cad8cf37baf1a0ffd73a9ba3506c12d83226259f496f59c9a1d6f5e",
    "synced_at": "2026-07-14T19:46:55.066339+02:00"
  },
  {
    "plan": "plans/2026-07-14-task252-shared-hook-bootstrap-hardening.md",
    "plan_hash": "106ef6187f58adc254119cea0a099c9fba3f99685c39920db123b9bca8638847",
    "tracker_hash": "491fce35faca32b0666c027d3ec94fe0caf0ff419c38a750b994e793182ad59a",
    "synced_at": "2026-07-14T19:47:38.337498+02:00"
  },
  {
    "plan": "plans/2026-07-14-task243-pr4-parity-and-obsidian-vault.md",
    "plan_hash": "0e2e86a4ff8c6e188aecf048cc0acb3284eac37e39640231a8fd9e14bfae4a46",
    "tracker_hash": "342d6a89fb4bd7d086073ae547820569443e64a2e5b6872b55cded5c48ec03f3",
    "synced_at": "2026-07-14T20:07:41.842390+02:00"
  },
  {
    "plan": "plans/2026-07-14-task243-pr4-parity-and-obsidian-vault.md",
    "plan_hash": "6cef75d5d89c096367c84072dc09b18b4edb9389e07213afc758ed16a47935f2",
    "tracker_hash": "875fea779b6f3bac53d1c7dfb4a15c36bb952cd44bf0389cec6a058c6bb596fc",
    "synced_at": "2026-07-14T20:16:51.399356+02:00"
  },
  {
    "plan": "plans/2026-07-14-task253-tracked-codex-hook-trust-verification.md",
    "plan_hash": "a52d768b059fc75bc4a632b0ac914083dc45f8b8bf999ea6c59da2bdf251d528",
    "tracker_hash": "8ba288f6dad3c88709efcbe726a6a9fe35a3ff96acee3082416f09698f98cc2d",
    "synced_at": "2026-07-14T20:22:21.366413+02:00"
  },
  {
    "plan": "plans/2026-07-14-task253-tracked-codex-hook-trust-verification.md",
    "plan_hash": "a5fd7b54322cfdf92cda6cacb99fe2e3d18f0ae5e6a25314edf009e386043efc",
    "tracker_hash": "b5cd232d8a82e995827f051440e7d20db2a0483d952edd867af773762d092df8",
    "synced_at": "2026-07-14T20:26:41.748199+02:00"
  },
  {
    "plan": "plans/2026-07-14-task243-pr4-parity-and-obsidian-vault.md",
    "plan_hash": "b60bb971c0ad3319b2ea79018e835ae120344311e8534cbcf7c3bcad2b9d3c65",
    "tracker_hash": "3db5003eb7d3c9c81d0a753937e9d5d7ec0474be6bd057c8b673ff4671983585",
    "synced_at": "2026-07-14T20:27:12.673010+02:00"
  },
  {
    "plan": "plans/2026-07-14-task253-tracked-codex-hook-trust-verification.md",
    "plan_hash": "29fc9b6739c2ededde078db5dbcb53ea064afba0ff9010d09f85241d60a58355",
    "tracker_hash": "aa349bff946e3fd2f0d6abeb6dc911466c858dcb423c8999886b85b3f4a0e30e",
    "synced_at": "2026-07-14T20:27:36.859012+02:00"
  },
  {
    "plan": "plans/2026-07-14-task243-pr4-parity-and-obsidian-vault.md",
    "plan_hash": "add499849a00ff25daf65d29a91cd0e191d054e0a837eee6fa0e95996a69da5a",
    "tracker_hash": "9feeef316c5b6f668d09c8c446c7bacef8a148d543f1782fe583b4f0a78623ec",
    "synced_at": "2026-07-14T20:35:58.929009+02:00"
  },
  {
    "plan": "plans/2026-07-14-task243-pr4-parity-and-obsidian-vault.md",
    "plan_hash": "c16ebad448388d1eac0fe75512929f7013ef44d123475611bf6a1a5d0f20d51b",
    "tracker_hash": "1698c8cc6bacddd64199fc73d9781d7de538d2f98f6f41bcb548291b5263a17e",
    "synced_at": "2026-07-14T20:43:28.711137+02:00"
  },
  {
    "plan": "plans/2026-07-14-task253-tracked-codex-hook-trust-verification.md",
    "plan_hash": "a686be22a80dbfef6723094edbc118ad835a553268784d28ae6677f5bd5b16d7",
    "tracker_hash": "5e0addf071c911ddab3608775393508b37dce48e636b3c1d3c084490f848c482",
    "synced_at": "2026-07-14T20:44:15.990383+02:00"
  },
  {
    "plan": "plans/2026-07-14-task253-tracked-codex-hook-trust-verification.md",
    "plan_hash": "d37c534733bedeb1868d4e46636854daaae0fc01863b0b490f9bd3160d73e22e",
    "tracker_hash": "38c8ce7f16628d85d8ace0411eb35f7def76432742df14949f2e00cde547693f",
    "synced_at": "2026-07-14T20:44:28.846290+02:00"
  },
  {
    "plan": "plans/2026-07-14-task243-pr4-parity-and-obsidian-vault.md",
    "plan_hash": "796f4fc814922851e1b4e45c88654daf16637ff24033a487617520b4c56b7a51",
    "tracker_hash": "63f6704da6aac3f6810e12b2c787d78f58b97dc80ec07814e8519a50badef8b6",
    "synced_at": "2026-07-14T20:45:03.581617+02:00"
  },
  {
    "plan": "plans/2026-07-14-task243-pr4-parity-and-obsidian-vault.md",
    "plan_hash": "4ec6966df6599464fa961024cf3dce7cd9b59be6fae1278eae0afb10c0383a66",
    "tracker_hash": "738049dbf5db5f08d814317cf97a66ed064ae9e25baceae2a53d208de36c5094",
    "synced_at": "2026-07-14T20:45:09.978144+02:00"
  },
  {
    "plan": "plans/2026-07-14-task253-tracked-codex-hook-trust-verification.md",
    "plan_hash": "d37c534733bedeb1868d4e46636854daaae0fc01863b0b490f9bd3160d73e22e",
    "tracker_hash": "38c8ce7f16628d85d8ace0411eb35f7def76432742df14949f2e00cde547693f",
    "synced_at": "2026-07-14T20:45:16.750416+02:00"
  },
  {
    "plan": "plans/2026-07-14-task253-tracked-codex-hook-trust-verification.md",
    "plan_hash": "d37c534733bedeb1868d4e46636854daaae0fc01863b0b490f9bd3160d73e22e",
    "tracker_hash": "38c8ce7f16628d85d8ace0411eb35f7def76432742df14949f2e00cde547693f",
    "synced_at": "2026-07-14T21:07:05.328568+02:00"
  },
  {
    "plan": "plans/2026-07-15-task254-strict-codex-hook-trust-portability.md",
    "plan_hash": "6da5d47632eb3466cc40353d77a27a554ef439b73828dcafcc39d26778d8e213",
    "tracker_hash": "f9fb23a739a45ee97b56ecb9a17587ff732bc54aec48b12cd5b6ac035cc72389",
    "synced_at": "2026-07-15T13:22:21.022278+02:00"
  },
  {
    "plan": "plans/2026-07-15-task254-strict-codex-hook-trust-portability.md",
    "plan_hash": "6da5d47632eb3466cc40353d77a27a554ef439b73828dcafcc39d26778d8e213",
    "tracker_hash": "f9fb23a739a45ee97b56ecb9a17587ff732bc54aec48b12cd5b6ac035cc72389",
    "synced_at": "2026-07-15T13:36:26.536364+02:00"
  },
  {
    "plan": "plans/2026-07-15-task254-strict-codex-hook-trust-portability.md",
    "plan_hash": "a32c3b37b0dd714e6707bf3dfa5e3d38de0559ade1e4123c8fa72fcee8b9e6c5",
    "tracker_hash": "9e6e1b4c729596306ff1950ba783313a6eaac9b8a21576e81b830c3e9aa8b1d2",
    "synced_at": "2026-07-15T13:38:30.986842+02:00"
  },
  {
    "plan": "plans/2026-07-15-task254-strict-codex-hook-trust-portability.md",
    "plan_hash": "ad843deacf46fcda52058519ea0c4bfc1dd5d5fe65b2d87052a0e7f7b21298ac",
    "tracker_hash": "529b0d30235f31ddb1a120895059e2f26198c60ca60f8f6ea60f3608c125ea11",
    "synced_at": "2026-07-15T13:40:22.872003+02:00"
  },
  {
    "plan": "plans/2026-07-15-task254-strict-codex-hook-trust-portability.md",
    "plan_hash": "15fe512c32d5c8ab3cb97e67cb91f43e2c471d1edb84d58a9a20f55a075b0de1",
    "tracker_hash": "cc009399dc3ff552f85324b03ae124cebe1be2c8c71f33c55f37be8abfb84b92",
    "synced_at": "2026-07-15T13:40:49.010222+02:00"
  },
  {
    "plan": "plans/2026-07-15-task255-codex-remote-trust-bridge.md",
    "plan_hash": "f57788257039f14bd18ad14aa179f7f118ca8e9fb8b31cb626e566a0a927d0c5",
    "tracker_hash": "b1792fa93ade713055f6b686ff7f12e5896dfd29b54274be7853c84fb6a29ea5",
    "synced_at": "2026-07-15T16:44:02.864484+02:00"
  },
  {
    "plan": "plans/2026-07-15-task255-codex-remote-trust-bridge.md",
    "plan_hash": "f57788257039f14bd18ad14aa179f7f118ca8e9fb8b31cb626e566a0a927d0c5",
    "tracker_hash": "b1792fa93ade713055f6b686ff7f12e5896dfd29b54274be7853c84fb6a29ea5",
    "synced_at": "2026-07-15T16:44:17.980980+02:00"
  },
  {
    "plan": "plans/2026-07-15-task255-codex-remote-trust-bridge.md",
    "plan_hash": "83f2b6fd534108f035583c357af0b8569525faff348376fe66abb4e2d8cdd752",
    "tracker_hash": "2cb2ff68f20efcf616ad2e97dacf75b5d0107185fc438bf92ad6245bc74c74d2",
    "synced_at": "2026-07-15T16:48:52.442269+02:00"
  },
  {
    "plan": "plans/2026-07-15-task255-codex-remote-trust-bridge.md",
    "plan_hash": "83f2b6fd534108f035583c357af0b8569525faff348376fe66abb4e2d8cdd752",
    "tracker_hash": "2cb2ff68f20efcf616ad2e97dacf75b5d0107185fc438bf92ad6245bc74c74d2",
    "synced_at": "2026-07-15T17:06:38.622658+02:00"
  },
  {
    "plan": "plans/2026-07-15-task255-codex-remote-trust-bridge.md",
    "plan_hash": "7f0f0a33a2055604e2e6986c12770a71a874a799c64bb9eacdf192d1c872e6cd",
    "tracker_hash": "fbacbe7ff9ee59385a714ddb091bc39c0c8f71267c413fc268ec29ea8d89b157",
    "synced_at": "2026-07-15T17:08:17.335357+02:00"
  },
  {
    "plan": "plans/2026-07-15-task255-codex-remote-trust-bridge.md",
    "plan_hash": "7f0f0a33a2055604e2e6986c12770a71a874a799c64bb9eacdf192d1c872e6cd",
    "tracker_hash": "969817cf16a0739b5878dfa41f4464b539496425dcc3c5eaf1995d1dab05a8fe",
    "synced_at": "2026-07-15T17:09:01.668659+02:00"
  },
  {
    "plan": "plans/2026-07-15-task255-codex-remote-trust-bridge.md",
    "plan_hash": "7f0f0a33a2055604e2e6986c12770a71a874a799c64bb9eacdf192d1c872e6cd",
    "tracker_hash": "fb73615d407b0ea68824e85c55ceb634bab3e841d6649d5998221223da8ceb8d",
    "synced_at": "2026-07-15T17:10:16.111179+02:00"
  },
  {
    "plan": "plans/2026-07-15-task255-codex-remote-trust-bridge.md",
    "plan_hash": "7f0f0a33a2055604e2e6986c12770a71a874a799c64bb9eacdf192d1c872e6cd",
    "tracker_hash": "fb73615d407b0ea68824e85c55ceb634bab3e841d6649d5998221223da8ceb8d",
    "synced_at": "2026-07-15T17:10:25.208728+02:00"
  },
  {
    "plan": "plans/2026-07-15-task255-codex-remote-trust-bridge.md",
    "plan_hash": "7f0f0a33a2055604e2e6986c12770a71a874a799c64bb9eacdf192d1c872e6cd",
    "tracker_hash": "260f10393945c4bf495bf65c24532a68d2f5f00514b426260a0c469295333116",
    "synced_at": "2026-07-15T17:24:53.683065+02:00"
  },
  {
    "plan": "plans/2026-07-15-task255-codex-remote-trust-bridge.md",
    "plan_hash": "41c3d6b8b85307f10fdf5dec8b9f453a17d873f390a0be9418e2e2296fd37058",
    "tracker_hash": "38da9889b6a562f163f60f233d0aa80329ca687a2060721a614b4ff6faea0973",
    "synced_at": "2026-07-15T17:27:06.430024+02:00"
  },
  {
    "plan": "plans/2026-07-15-task255-codex-remote-trust-bridge.md",
    "plan_hash": "aa46e66a527f58048541cc836455e61f37232177a05e516d154e22f4e68f59ea",
    "tracker_hash": "ab4693bf23177cf1c424155b12ce254dbf654e00175b8a7053381a7a3dc1fd8a",
    "synced_at": "2026-07-15T17:27:17.762561+02:00"
  },
  {
    "plan": "plans/2026-07-15-task255-codex-remote-trust-bridge.md",
    "plan_hash": "aa46e66a527f58048541cc836455e61f37232177a05e516d154e22f4e68f59ea",
    "tracker_hash": "047dec344d62b1a9a6dc78a00f9b85d570f6c8456319fd4fbbb9990d965ce2c1",
    "synced_at": "2026-07-15T17:28:47.645194+02:00"
  },
  {
    "plan": "plans/2026-07-15-task255-codex-remote-trust-bridge.md",
    "plan_hash": "aa46e66a527f58048541cc836455e61f37232177a05e516d154e22f4e68f59ea",
    "tracker_hash": "3d782bd773d59570bee10aaed15e7cc9ada66fcab3723a04f43849a936fc4345",
    "synced_at": "2026-07-15T17:32:50.892377+02:00"
  },
  {
    "plan": "plans/2026-07-15-task256-canonical-codex-home-topology.md",
    "plan_hash": "226920c32a0a5366ebfe8dde629a8702466a3dc001ac17f9cfa63cb7fd0ab643",
    "tracker_hash": "b051482f2b978788dfe57154b5af3cc6a484163a2e43e1cc9f594a87a38aa6d4",
    "synced_at": "2026-07-15T20:55:27.465442+02:00"
  },
  {
    "plan": "plans/2026-07-15-task256-canonical-codex-home-topology.md",
    "plan_hash": "7c8ccb5205bd3f8e7d895ba7bc35d63ab15032a607af9054ef2f96c551efddf3",
    "tracker_hash": "0098d95cd95fb7775587f5b41324aa8775a9b3126d3cb64c58cc39e558abad5b",
    "synced_at": "2026-07-15T21:00:11.479480+02:00"
  },
  {
    "plan": "plans/2026-07-15-task256-canonical-codex-home-topology.md",
    "plan_hash": "b93ac0e531d776ba095ab1f3c3e69c73d7ae273b3445ed38adcee2c91c4fcc6f",
    "tracker_hash": "e195e5a46cb358d1e979ed2eb3617be23fc0d19b5738d4ebc1a4ce21f0e237a2",
    "synced_at": "2026-07-15T22:14:54.580812+02:00"
  },
  {
    "plan": "plans/2026-07-15-task256-canonical-codex-home-topology.md",
    "plan_hash": "b93ac0e531d776ba095ab1f3c3e69c73d7ae273b3445ed38adcee2c91c4fcc6f",
    "tracker_hash": "8f802464e5f6c7da39307a34227fa3c663a7f8bf949e52392ed0b98f898e5b34",
    "synced_at": "2026-07-15T22:16:13.436947+02:00"
  },
  {
    "plan": "plans/2026-07-15-task256-canonical-codex-home-topology.md",
    "plan_hash": "5f0cd637bac988aadfef7a6fc9c860856a4602716f1c048976f5b15ba02313ca",
    "tracker_hash": "4820623e33ce9b439f8f0a7aa32255a5faf7ba545ba0660a25d94bab08af262c",
    "synced_at": "2026-07-15T22:22:25.371566+02:00"
  },
  {
    "plan": "plans/2026-07-15-task256-canonical-codex-home-topology.md",
    "plan_hash": "5cb51ab160ea234db93d1247e448e4522e2068f80bc3f4fa4626fb175109efad",
    "tracker_hash": "06e03fdade49521b038f237ce6e9fb9f18ad9791dd6abb5920a4011bf16666fc",
    "synced_at": "2026-07-15T22:24:04.120081+02:00"
  },
  {
    "plan": "plans/2026-07-15-task256-canonical-codex-home-topology.md",
    "plan_hash": "a18e14dfc88b629814b2a676d873dccbf31f24fa0a17d2225d2abcead4f97dde",
    "tracker_hash": "5c63598cd96d85eb7ecf61368b02c34067615e05be4c20f50df7a6747fd7238d",
    "synced_at": "2026-07-15T22:24:15.783417+02:00"
  },
  {
    "plan": "plans/2026-07-17-task288-gate-hard-policy-parser.md",
    "plan_hash": "5b85018027fcaf54b9d3b969424a3fdf96e60b7089a1e208018e155612be4f5c",
    "tracker_hash": "9a07e759e244d225a3538d701c100524be084b900fc77b723f714d48e9775db5",
    "synced_at": "2026-07-17T11:30:05.626564+02:00"
  },
  {
    "plan": "plans/2026-07-17-task288-gate-hard-policy-parser.md",
    "plan_hash": "41b2f6d90fa2feeb5bd68e306f578cb5ef9fa71b642800cc0837b55d176594b8",
    "tracker_hash": "b67f619a2bebbc52542d14564ac60e424eb14053094fc7eac4a1d457f29b9796",
    "synced_at": "2026-07-17T11:31:34.486638+02:00"
  },
  {
    "plan": "plans/2026-07-17-task288-gate-hard-policy-parser.md",
    "plan_hash": "31e07e93b915fa0e8026ac859299dee33d94f2a5f7b30c95b2531fc4f7ffe0a5",
    "tracker_hash": "21eb4c5e1afd104bcf83bb35e66be6e1110b5cf5071c4d61333c2cf0580213d6",
    "synced_at": "2026-07-17T11:50:16.204250+02:00"
  },
  {
    "plan": "plans/2026-07-17-task288-gate-hard-policy-parser.md",
    "plan_hash": "8ba4c1c8ac90aa8fb363d89cf98b56a950ff354ab51cca13b9d73ecc08ca996c",
    "tracker_hash": "bd1a83b7ed9a674d6036f3810ca7eb98b89847a42011fad666ff22658e23aafd",
    "synced_at": "2026-08-26T15:44:21.450869+02:00"
  },
  {
    "plan": "plans/2026-08-26-ga-k9sd-beads-first-guidance.md",
    "plan_hash": "6d24f9eaa8069a15483831274faa3d6bb10bf87c8c84520aea53c5667f6dfa80",
    "tracker_hash": "81615e1ed2c380271c59f24d62df771b1bc34728095f369353f76d9ed9908dd3",
    "synced_at": "2026-08-26T15:52:14.454160+02:00"
  },
  {
    "plan": "plans/2026-08-26-ga-k9sd-beads-first-guidance.md",
    "plan_hash": "3c322a8e70f0d4d7c168b4aa2cad53c448b9710b8fe380ef54c9e11c0d21e0fd",
    "tracker_hash": "b59f22d19f8b313f28ca889c26f184a2fb0c039b2c2016fb3c5577115b874142",
    "synced_at": "2026-08-26T15:54:22.202938+02:00"
  },
  {
    "plan": "plans/2026-08-26-ga-k9sd-beads-first-guidance.md",
    "plan_hash": "3c322a8e70f0d4d7c168b4aa2cad53c448b9710b8fe380ef54c9e11c0d21e0fd",
    "tracker_hash": "b59f22d19f8b313f28ca889c26f184a2fb0c039b2c2016fb3c5577115b874142",
    "synced_at": "2026-08-26T16:02:40.887023+02:00"
  },
  {
    "plan": "plans/2026-08-26-ga-k9sd-beads-first-guidance.md",
    "plan_hash": "b9d1584da73005c54cf8af81e513c26481a7c472a037ec2922824451123bce59",
    "tracker_hash": "f4c91d92f7068dc0cb9cd8bbdfaa523389cf2a3f032992293890212a34694615",
    "synced_at": "2026-08-26T16:04:20.492866+02:00"
  },
  {
    "plan": "plans/2026-08-26-ga-k9sd-beads-first-guidance.md",
    "plan_hash": "39f73ee3e6db076273907eba032dbdf3dc1e02007e5ca372e2672542b93793a5",
    "tracker_hash": "7033d3776b97e62abc3028c9694b63ae8bc0dd1f509781e2daca77156efdc86c",
    "synced_at": "2026-08-26T16:15:53.462134+02:00"
  },
  {
    "plan": "plans/2026-08-26-ga-k9sd-beads-first-guidance.md",
    "plan_hash": "580cb212022e224c875a75d1ecb90523fe14624315a1663d189bb8db3f3bd289",
    "tracker_hash": "a5955f0ac8791f3d8202a17757a95833ab8ae949ffdfaf34a79e77b5b46b9843",
    "synced_at": "2026-08-26T17:14:54.404640+02:00"
  },
  {
    "plan": "plans/2026-08-26-ga-k9sd-beads-first-guidance.md",
    "plan_hash": "bfee5f5cd68fce93546124263620048503b87531eb4669425182025fa71cf0aa",
    "tracker_hash": "ba1acb40f0c2998c4a6e84f1d7fe5f11e8af27e2803c2e6cb26e195e7c6da308",
    "synced_at": "2026-08-26T17:56:01.173864+02:00"
  },
  {
    "plan": "plans/2026-08-26-ga-k9sd-beads-first-guidance.md",
    "plan_hash": "98a6f2608c3e045977796fd6ee8781a2f894024949bf68035ea8d5ae9b546594",
    "tracker_hash": "ced390745fa4720dc6e3905cd2c8ab557dd327c007bdc2f1b46358939b03f983",
    "synced_at": "2026-08-26T18:10:22.738907+02:00"
  },
  {
    "plan": "plans/2026-08-27-ga-zbmk-aegis-beads-obsidian.md",
    "plan_hash": "4d1b8c9c43ddb348b543dd54034911e8692589ab07de8ce8b4d57cd1b39bd419",
    "tracker_hash": "d450e83f79da2626446dd92ae7de6b383dee5190ab24df573819a6762791d83e",
    "synced_at": "2026-08-27T12:21:47.194527+02:00"
  },
  {
    "plan": "plans/2026-08-27-ga-zbmk-aegis-beads-obsidian.md",
    "plan_hash": "0070a619a37e864dae2136d5bce44d00b12369100b1cc25f2c7a7e19f7888d7e",
    "tracker_hash": "cf890155457f0c7c90a07c17e97be5dd0d60bf63575bce052c808c1bd5cadbf0",
    "synced_at": "2026-08-27T12:23:14.991554+02:00"
  },
  {
    "plan": "plans/2026-08-27-ga-zbmk-aegis-beads-obsidian.md",
    "plan_hash": "cea2a56a224ad8f65cc22334d423578af2c0363247dc5daa460e9989a0dbddc7",
    "tracker_hash": "cf890155457f0c7c90a07c17e97be5dd0d60bf63575bce052c808c1bd5cadbf0",
    "synced_at": "2026-08-27T12:25:10.052456+02:00"
  },
  {
    "plan": "plans/2026-08-27-ga-zbmk-aegis-beads-obsidian.md",
    "plan_hash": "2e6b36410ee2109064c0a685320508cddba2b8b8a22d7703ae1f0a2fb226022d",
    "tracker_hash": "cf890155457f0c7c90a07c17e97be5dd0d60bf63575bce052c808c1bd5cadbf0",
    "synced_at": "2026-08-27T12:37:52.868659+02:00"
  },
  {
    "plan": "plans/2026-08-27-ga-zbmk-aegis-beads-obsidian.md",
    "plan_hash": "ae867fb24f12fe3c7df3da56dddb064e412d934a16886c17834c669438503d24",
    "tracker_hash": "a6fe2d1c27326cdf79647de7a9378d9378387c85187e9b1fbf0b8cba82f05f37",
    "synced_at": "2026-08-27T12:47:12.010797+02:00"
  },
  {
    "plan": "plans/2026-08-27-ga-zbmk-aegis-beads-obsidian.md",
    "plan_hash": "ae867fb24f12fe3c7df3da56dddb064e412d934a16886c17834c669438503d24",
    "tracker_hash": "a6fe2d1c27326cdf79647de7a9378d9378387c85187e9b1fbf0b8cba82f05f37",
    "synced_at": "2026-08-27T12:58:22.475459+02:00"
  },
  {
    "plan": "plans/2026-08-27-ga-zbmk-aegis-beads-obsidian.md",
    "plan_hash": "ae867fb24f12fe3c7df3da56dddb064e412d934a16886c17834c669438503d24",
    "tracker_hash": "a6fe2d1c27326cdf79647de7a9378d9378387c85187e9b1fbf0b8cba82f05f37",
    "synced_at": "2026-08-27T13:36:09.967782+02:00"
  },
  {
    "plan": "plans/2026-08-27-ga-zbmk-aegis-beads-obsidian.md",
    "plan_hash": "ae867fb24f12fe3c7df3da56dddb064e412d934a16886c17834c669438503d24",
    "tracker_hash": "a6fe2d1c27326cdf79647de7a9378d9378387c85187e9b1fbf0b8cba82f05f37",
    "synced_at": "2026-08-27T13:36:35.854723+02:00"
  },
  {
    "plan": "plans/2026-08-27-ga-zbmk-aegis-beads-obsidian.md",
    "plan_hash": "ae867fb24f12fe3c7df3da56dddb064e412d934a16886c17834c669438503d24",
    "tracker_hash": "2a67a908c5385759b51e8032558bf78eaa8e67610c32c52f07b8c2a42bca1b35",
    "synced_at": "2026-08-27T13:37:01.107867+02:00"
  },
  {
    "plan": "plans/2026-08-27-ga-zbmk-aegis-beads-obsidian.md",
    "plan_hash": "ae867fb24f12fe3c7df3da56dddb064e412d934a16886c17834c669438503d24",
    "tracker_hash": "3e54041fed359c060fa80c8782463a16b522e1b66ca950ec9cdbb50f63df7125",
    "synced_at": "2026-08-27T14:03:48.698170+02:00"
  },
  {
    "plan": "plans/2026-08-27-ga-zbmk-aegis-beads-obsidian.md",
    "plan_hash": "ae867fb24f12fe3c7df3da56dddb064e412d934a16886c17834c669438503d24",
    "tracker_hash": "3e54041fed359c060fa80c8782463a16b522e1b66ca950ec9cdbb50f63df7125",
    "synced_at": "2026-08-27T14:04:52.107077+02:00"
  },
  {
    "plan": "plans/2026-08-27-ga-zbmk-aegis-beads-obsidian.md",
    "plan_hash": "72d8769d7bf9647f35e7b09ae5a9c2cd6e91a2339937256ec1305529adc3c004",
    "tracker_hash": "f4fdce696df0f348af67661cafa38f6c04a9194b1199e6507d5979beaa229d71",
    "synced_at": "2026-08-27T14:32:27.853148+02:00"
  },
  {
    "plan": "plans/2026-08-27-ga-zbmk-aegis-beads-obsidian.md",
    "plan_hash": "3f1983a5cad6ce58150ac5265e80c919b64bbc88a0efa4bbf111b9819db10e78",
    "tracker_hash": "e057954b4baeefb0ef5b08679da977e5f15f8b9e3dbd89080ae4c994d13272fd",
    "synced_at": "2026-08-27T14:57:25.984681+02:00"
  },
  {
    "plan": "plans/2026-08-27-ga-y1ei-obsidian-observer-authority.md",
    "plan_hash": "0fe46d7cf1dceba575be9b1227a71a2667f613bb933b8bc39e98572907398b4b",
    "tracker_hash": "9b56f5d5bfff7dd5090d0ac284c5495ba16a543adca0c9981fad4b110467c2e4",
    "synced_at": "2026-08-27T14:58:04.568402+02:00"
  },
  {
    "plan": "plans/2026-08-27-ga-y1ei-obsidian-observer-authority.md",
    "plan_hash": "f168f893c283f5b01b0c4fe2140dcb500c006f3439fe29253f4dded453ed1ae3",
    "tracker_hash": "eae733e48a977f51da432f72325a971e8f6943b936ffa6baf3ba13d7f8458f5c",
    "synced_at": "2026-08-27T15:16:12.535003+02:00"
  },
  {
    "plan": "plans/2026-08-27-ga-y1ei-obsidian-observer-authority.md",
    "plan_hash": "f168f893c283f5b01b0c4fe2140dcb500c006f3439fe29253f4dded453ed1ae3",
    "tracker_hash": "ee80834c2a2d4f454445825b1c5284a6d553f094918e7ef845e7b0ec8d481c28",
    "synced_at": "2026-08-27T15:20:37.951722+02:00"
  },
  {
    "plan": "plans/2026-08-27-ga-y1ei-obsidian-observer-authority.md",
    "plan_hash": "ce4a73d2d13585b501262059cc9eaaaf2144b90623a0d1395f81659eaeffa85a",
    "tracker_hash": "92b8707224afd1ca51540feaffa0579ca4d4d977e8367925d6e7707349f776bc",
    "synced_at": "2026-08-27T15:23:14.245746+02:00"
  },
  {
    "plan": "plans/2026-08-27-ga-y1ei-obsidian-observer-authority.md",
    "plan_hash": "f168f893c283f5b01b0c4fe2140dcb500c006f3439fe29253f4dded453ed1ae3",
    "tracker_hash": "ee80834c2a2d4f454445825b1c5284a6d553f094918e7ef845e7b0ec8d481c28",
    "synced_at": "2026-08-27T15:26:51.159589+02:00"
  },
  {
    "plan": "plans/2026-08-27-ga-y1ei-obsidian-observer-authority.md",
    "plan_hash": "f168f893c283f5b01b0c4fe2140dcb500c006f3439fe29253f4dded453ed1ae3",
    "tracker_hash": "95f0cd8a36543353b3056d8daf8af223212f5321fb96c6e9bcf5b418ccd344fc",
    "synced_at": "2026-08-27T15:35:52.244004+02:00"
  },
  {
    "plan": "plans/2026-08-27-ga-y1ei-obsidian-observer-authority.md",
    "plan_hash": "ce4a73d2d13585b501262059cc9eaaaf2144b90623a0d1395f81659eaeffa85a",
    "tracker_hash": "a66ef2624a17a0a40bb534a7f1b236bf5b9d6af98c4eaca08a6bf6e63a27e967",
    "synced_at": "2026-08-28T09:45:36.940163+02:00"
  },
  {
    "plan": "plans/2026-08-28-ga-iqbd-modular-workflow-gate.md",
    "plan_hash": "9d1ae5b3a0d39e34b876f477f7d27baa77f0389684bd898b1c09e0a0d43e6e9a",
    "tracker_hash": "4eb037c99cfcf447b2c270b81b67516b06878bdecd3215aa78633f5f0f3636a1",
    "synced_at": "2026-08-28T09:45:37.228667+02:00"
  },
  {
    "plan": "plans/2026-08-28-ga-iqbd-modular-workflow-gate.md",
    "plan_hash": "9d1ae5b3a0d39e34b876f477f7d27baa77f0389684bd898b1c09e0a0d43e6e9a",
    "tracker_hash": "4eb037c99cfcf447b2c270b81b67516b06878bdecd3215aa78633f5f0f3636a1",
    "synced_at": "2026-08-28T09:45:37.782551+02:00"
  },
  {
    "plan": "plans/2026-08-28-ga-iqbd-modular-workflow-gate.md",
    "plan_hash": "caaf3f689c6f6545afef0d8c1bfff6487278c1f656920d0b0b3a096335d32c05",
    "tracker_hash": "5a0c0fcdb24538a3e7e174c73842c61e14c0fea4eee9157fa3697215662ad113",
    "synced_at": "2026-08-28T10:14:56.648973+02:00"
  },
  {
    "plan": "plans/2026-08-28-ga-iqbd-modular-workflow-gate.md",
    "plan_hash": "d49beb306f5eb6cd1e712047c9f31277820d50f2e5564fa0f34b053139fc74b4",
    "tracker_hash": "a0cb3df4c7fdb5b8e7c517896c165466c2b8d2fa284343413f30f1dfe5774c7d",
    "synced_at": "2026-08-28T10:29:57.264069+02:00"
  },
  {
    "plan": "plans/2026-08-28-ga-iqbd-modular-workflow-gate.md",
    "plan_hash": "d49beb306f5eb6cd1e712047c9f31277820d50f2e5564fa0f34b053139fc74b4",
    "tracker_hash": "a0cb3df4c7fdb5b8e7c517896c165466c2b8d2fa284343413f30f1dfe5774c7d",
    "synced_at": "2026-08-28T10:31:37.371667+02:00"
  },
  {
    "plan": "plans/2026-08-28-ga-iqbd-modular-workflow-gate.md",
    "plan_hash": "d49beb306f5eb6cd1e712047c9f31277820d50f2e5564fa0f34b053139fc74b4",
    "tracker_hash": "bf829a8b74a1b2c9e94bb69cd96ee813b40ae1143a17ca24468ed2c96eeb2b46",
    "synced_at": "2026-08-28T10:47:07.819265+02:00"
  },
  {
    "plan": "plans/2026-08-28-ga-iqbd-modular-workflow-gate.md",
    "plan_hash": "d49beb306f5eb6cd1e712047c9f31277820d50f2e5564fa0f34b053139fc74b4",
    "tracker_hash": "95fc2116bdf708bd9a7bd66fe90d51c59acb77a58c5949c9c4f21db780d25035",
    "synced_at": "2026-08-28T10:54:30.101316+02:00"
  },
  {
    "plan": "plans/2026-08-28-ga-iqbd-modular-workflow-gate.md",
    "plan_hash": "b434019d95170a460c182305c93049786f43b00f61e1b94940cfa04c49471984",
    "tracker_hash": "9e4f1113e35588bb8355baac19ad5d3eb2660a7eee24df5a4df46d3dc4f08b0c",
    "synced_at": "2026-08-28T11:12:44.595427+02:00"
  },
  {
    "plan": "plans/2026-08-28-ga-p60k-gpg-readiness.md",
    "plan_hash": "4b500b9969b685dc69f4e8d2e276d335e10bfd2cee42db85b512940536d4ebf8",
    "tracker_hash": "315e698b0ff9ed8606da6e74626abe1b34b9353d7727119997dd2c9bc5a7cfe1",
    "synced_at": "2026-08-28T11:12:44.977578+02:00"
  },
  {
    "plan": "plans/2026-08-28-ga-p60k-gpg-readiness.md",
    "plan_hash": "23264acf8ae955e21f7375c4dd03dd216c4b8c2826183a6b42cf69e4e206d10b",
    "tracker_hash": "5eb6d7c8c771449c5a11d9563157bff9a440e3252d35935f10ff53d934a1dccf",
    "synced_at": "2026-08-28T11:27:30.963154+02:00"
  },
  {
    "plan": "plans/2026-08-28-ga-p60k-gpg-readiness.md",
    "plan_hash": "23264acf8ae955e21f7375c4dd03dd216c4b8c2826183a6b42cf69e4e206d10b",
    "tracker_hash": "3a1c096e308f12788e81250d396f9b113505164c041fa29396e54826b22feb2d",
    "synced_at": "2026-08-28T11:29:01.855037+02:00"
  },
  {
    "plan": "plans/2026-08-28-ga-p60k-gpg-readiness.md",
    "plan_hash": "52a751f4ae6a8815078b6daf2a109ca4c449195bf12706213a0c70a6694a7ebd",
    "tracker_hash": "baad27e718379da504caecadb98ab082043849711c3cb8ab16b59db004eadea1",
    "synced_at": "2026-08-28T11:54:30.770604+02:00"
  },
  {
    "plan": "plans/2026-08-28-ga-p60k-gpg-readiness.md",
    "plan_hash": "52a751f4ae6a8815078b6daf2a109ca4c449195bf12706213a0c70a6694a7ebd",
    "tracker_hash": "17bcb0ebed423648247ef71694fc6ee37d1a032f558bdb91d4cad1a941a28efe",
    "synced_at": "2026-08-28T12:16:56.997662+02:00"
  },
  {
    "plan": "plans/2026-08-28-ga-eiyt-obsidian-reconciler.md",
    "plan_hash": "a20c1a4d9d0147759dc0a771784d60553edc8f18e74f41057ed44f3806916d6a",
    "tracker_hash": "9a0faddac32d583ddc74e918b9b71b822466e37cc72836e8018237133c4fdecc",
    "synced_at": "2026-08-28T20:59:54.827138+02:00"
  },
  {
    "plan": "plans/2026-08-28-ga-eiyt-obsidian-reconciler.md",
    "plan_hash": "a20c1a4d9d0147759dc0a771784d60553edc8f18e74f41057ed44f3806916d6a",
    "tracker_hash": "c6fc5c14a79b1c1a64b939ce22088d72344f9afdcfb2bc20577783533fbbbaf7",
    "synced_at": "2026-08-28T21:31:42.140017+02:00"
  },
  {
    "plan": "plans/2026-08-28-ga-eiyt-obsidian-reconciler.md",
    "plan_hash": "555a9ff59c9fb53cc519c35f25eafefe8bc34fa106a1e3a2d6c29e4d7fd70e47",
    "tracker_hash": "2582428a0a18f302fb233aa691e65bdb6052d9a5fbbd7d6b0ba331470f5902ba",
    "synced_at": "2026-08-28T21:32:43.035596+02:00"
  },
  {
    "plan": "plans/2026-08-28-ga-eiyt-obsidian-reconciler.md",
    "plan_hash": "c34bb66e3aa2ac71356b71dd9e5df0330bdabd1d0e6e287c3dbefd61b18c04e5",
    "tracker_hash": "73129933eb2e79073a245d793c23cd35cc67f4576a925591910f7ed0e5831850",
    "synced_at": "2026-08-28T22:11:39.194415+02:00"
  },
  {
    "plan": "plans/2026-08-28-ga-eiyt-obsidian-reconciler.md",
    "plan_hash": "c34bb66e3aa2ac71356b71dd9e5df0330bdabd1d0e6e287c3dbefd61b18c04e5",
    "tracker_hash": "f20574a2eb08f66a2dd78a02e39afc0aad2a11eb8fe5c40524315451c3624013",
    "synced_at": "2026-08-28T22:13:55.851736+02:00"
  },
  {
    "plan": "plans/2026-08-28-ga-eiyt-obsidian-reconciler.md",
    "plan_hash": "a14da2f64bb0c49f5cd881fb57b6deae8cda5d4e2c45c2dbda57d21e35bef18c",
    "tracker_hash": "956aa8251b857caeae80d5a227b583b1f4275f72f0869fb14ca7aa7f8ee18e4d",
    "synced_at": "2026-08-28T22:14:08.525530+02:00"
  },
  {
    "plan": "plans/2026-08-28-ga-eiyt-obsidian-reconciler.md",
    "plan_hash": "a14da2f64bb0c49f5cd881fb57b6deae8cda5d4e2c45c2dbda57d21e35bef18c",
    "tracker_hash": "956aa8251b857caeae80d5a227b583b1f4275f72f0869fb14ca7aa7f8ee18e4d",
    "synced_at": "2026-08-28T22:19:31.471295+02:00"
  },
  {
    "plan": "plans/2026-08-28-ga-eiyt-obsidian-reconciler.md",
    "plan_hash": "a14da2f64bb0c49f5cd881fb57b6deae8cda5d4e2c45c2dbda57d21e35bef18c",
    "tracker_hash": "fc8e333e712f1cb362800f4ee658dafc056988530c1f31d045e58184ed04b5b2",
    "synced_at": "2026-08-28T22:21:00.219351+02:00"
  },
  {
    "plan": "plans/2026-08-28-ga-6w1y-ci-aegis-delivery.md",
    "plan_hash": "5fbe2db902aed356571e6181aa4440b9ab3c4e31cd477c1271abc7353be3a4e1",
    "tracker_hash": "b40c647229d0835224c9720bddb85ccd46fd670ffd4da0b8937250061b083627",
    "synced_at": "2026-08-28T22:39:38.944130+02:00"
  },
  {
    "plan": "plans/2026-08-28-ga-6w1y-ci-aegis-delivery.md",
    "plan_hash": "5fbe2db902aed356571e6181aa4440b9ab3c4e31cd477c1271abc7353be3a4e1",
    "tracker_hash": "b40c647229d0835224c9720bddb85ccd46fd670ffd4da0b8937250061b083627",
    "synced_at": "2026-08-28T22:40:08.225488+02:00"
  },
  {
    "plan": "plans/2026-08-28-ga-6w1y-ci-aegis-delivery.md",
    "plan_hash": "f8c1ae2a461c3ab7c7f42f30477754262ef0e9a093487dd8d4a5544997f21e49",
    "tracker_hash": "fd8a4453a70771079e576be3f8eedbf93b0833240eccc2a8bc563b5ba9d13b91",
    "synced_at": "2026-08-28T22:40:39.105398+02:00"
  },
  {
    "plan": "plans/2026-08-28-ga-6w1y-ci-aegis-delivery.md",
    "plan_hash": "40b4a2215f678e18a76a70a6700c3ca11e6c01c252299067148d0a85867f1abe",
    "tracker_hash": "9c92073eab49929232bfd4e092f8ef05d3517b5f6aa0e1339ffdd0b4c620ac77",
    "synced_at": "2026-08-28T23:35:16.370873+02:00"
  },
  {
    "plan": "plans/2026-08-28-ga-6w1y-ci-aegis-delivery.md",
    "plan_hash": "40b4a2215f678e18a76a70a6700c3ca11e6c01c252299067148d0a85867f1abe",
    "tracker_hash": "72041431f820349c27db8d3a3a92535b64feee917a349d2ab640711081917bdf",
    "synced_at": "2026-08-28T23:35:40.447581+02:00"
  },
  {
    "plan": "plans/2026-08-28-ga-6w1y-ci-aegis-delivery.md",
    "plan_hash": "7a22be76c0287683dfc1372b21c5d58573724c953e4c64869440d0bfb914d1e5",
    "tracker_hash": "72041431f820349c27db8d3a3a92535b64feee917a349d2ab640711081917bdf",
    "synced_at": "2026-08-28T23:43:37.553441+02:00"
  },
  {
    "plan": "plans/2026-08-29-ga-a9ap-obsidian-live-index.md",
    "plan_hash": "ce6a748e9e02c61929a331581de926c5ac7d75e6ec27dd4920889eab2a523eb7",
    "tracker_hash": "5d1bdf5b0e59c1865422f436ecb402686446db6fd7f04db7836888ac0a7b18f3",
    "synced_at": "2026-08-29T02:00:14.757250+02:00"
  },
  {
    "plan": "plans/2026-08-29-ga-a9ap-obsidian-live-index.md",
    "plan_hash": "6b5d55f0512ff7782451abc5b44443fdc603e6742c752728909b500d07af373e",
    "tracker_hash": "a5ce899a328c30f553217f05e29d04bed86607dcb6797b39d1409c70ad02db4e",
    "synced_at": "2026-08-29T02:03:11.092437+02:00"
  },
  {
    "plan": "plans/2026-08-29-ga-a9ap-obsidian-live-index.md",
    "plan_hash": "bc2cc000cc889b7716b7f6fc29e5ece00daa96232ffd80404c0e86de9c8e155e",
    "tracker_hash": "7a36f55fa3dfe744bb92be107652d8c6924fb69023a0444b4988c9b02672ce54",
    "synced_at": "2026-08-29T02:03:24.656240+02:00"
  },
  {
    "plan": "plans/2026-08-28-ga-6w1y-ci-aegis-delivery.md",
    "plan_hash": "6d58c6f7c9365f795f0975f0465b2e58c1cdcdc2005714fcfc96ea4c68a0b240",
    "tracker_hash": "df41d00065bb3013a99695bfcfdcc2ea4e8ff423083cbbd71da7df5dfc4d44c6",
    "synced_at": "2026-08-29T17:04:31.138487+02:00"
  },
  {
    "plan": "plans/2026-08-28-ga-6w1y-ci-aegis-delivery.md",
    "plan_hash": "435ac14f3080a5d9f2a00772ec9323fcd2a37fcf5d66751a2199555767ce27e5",
    "tracker_hash": "9eee0d696e70f123da15d23177a9cb4d01ef5c37fa919fc3cad17b0de620acc6",
    "synced_at": "2026-08-29T17:04:31.373109+02:00"
  },
  {
    "plan": "plans/2026-08-29-ga-vqm2-recovery-certification.md",
    "plan_hash": "dad8e2e2576ba18c9e1f9497e7f8bfb3cb656dd472fdc0924b484e12c2b2be09",
    "tracker_hash": "328b72c509204c1aeb67a5495c6c55495bab57a335e7866ae4931c5e009e690b",
    "synced_at": "2026-08-29T17:04:31.746004+02:00"
  },
  {
    "plan": "plans/2026-08-29-ga-vqm2-recovery-certification.md",
    "plan_hash": "dad8e2e2576ba18c9e1f9497e7f8bfb3cb656dd472fdc0924b484e12c2b2be09",
    "tracker_hash": "328b72c509204c1aeb67a5495c6c55495bab57a335e7866ae4931c5e009e690b",
    "synced_at": "2026-08-29T17:04:32.107583+02:00"
  },
  {
    "plan": "plans/2026-08-29-ga-vqm2-recovery-certification.md",
    "plan_hash": "3bd21814e38e9ab623c974a0aa7937b4e3d2354e7a006fc41312d36fbfa21f85",
    "tracker_hash": "b8263b0ed10e0630761894ba0033d227c627b0f44efb19c43515dff1e2973559",
    "synced_at": "2026-08-29T17:07:41.446907+02:00"
  },
  {
    "plan": "plans/2026-08-29-ga-vqm2-recovery-certification.md",
    "plan_hash": "3bd21814e38e9ab623c974a0aa7937b4e3d2354e7a006fc41312d36fbfa21f85",
    "tracker_hash": "b8263b0ed10e0630761894ba0033d227c627b0f44efb19c43515dff1e2973559",
    "synced_at": "2026-08-29T17:51:46.482579+02:00"
  },
  {
    "plan": "plans/2026-08-29-ga-vqm2-recovery-certification.md",
    "plan_hash": "c767a631e982831c81518574141fd4bca8a68764436c5b377469ae2fd19e2fba",
    "tracker_hash": "5a5c3692e09804f2250c96d12846a426c56e09f0c0ffefc71256450f100857cf",
    "synced_at": "2026-08-29T19:38:17.986619+02:00"
  },
  {
    "plan": "plans/2026-08-29-ga-vqm2-recovery-certification.md",
    "plan_hash": "a9f761f932b623058a88bbdced53342b631b6f925629a19d36af748feea1420b",
    "tracker_hash": "8c0bfce676a1dadc095b780c758a1f1d3318726056d1cabe5036327b0ef9b2ac",
    "synced_at": "2026-08-29T19:52:30.581138+02:00"
  },
  {
    "plan": "plans/2026-08-29-ga-vqm2-recovery-certification.md",
    "plan_hash": "bfb2f75ca4fc6b7c45c7f395a968558e535a2dd001a9bc437d0340f7fc694a85",
    "tracker_hash": "57317ad5cc67c050f1646eb672c7f718c6c629e5098f4d55aea3dba7de803e30",
    "synced_at": "2026-08-29T19:53:23.072309+02:00"
  },
  {
    "plan": "plans/2026-08-29-ga-vqm2-recovery-certification.md",
    "plan_hash": "bfb2f75ca4fc6b7c45c7f395a968558e535a2dd001a9bc437d0340f7fc694a85",
    "tracker_hash": "57317ad5cc67c050f1646eb672c7f718c6c629e5098f4d55aea3dba7de803e30",
    "synced_at": "2026-08-29T19:53:31.281741+02:00"
  },
  {
    "plan": "plans/2026-08-29-ga-ejrm-workflow-foundation.md",
    "plan_hash": "13c373cbced7a95242859eee8578ddbe34c35a275edf9013d7924367b772515b",
    "tracker_hash": "5678777473421c04ae1f6c86a92eb063066c448b6ed0cfb5a689ca0e8052bedf",
    "synced_at": "2026-08-29T20:43:44.189784+02:00"
  },
  {
    "plan": "plans/2026-08-29-ga-ejrm-workflow-foundation.md",
    "plan_hash": "13c373cbced7a95242859eee8578ddbe34c35a275edf9013d7924367b772515b",
    "tracker_hash": "5678777473421c04ae1f6c86a92eb063066c448b6ed0cfb5a689ca0e8052bedf",
    "synced_at": "2026-08-29T20:43:48.955168+02:00"
  },
  {
    "plan": "plans/2026-08-29-ga-ejrm-workflow-foundation.md",
    "plan_hash": "13c373cbced7a95242859eee8578ddbe34c35a275edf9013d7924367b772515b",
    "tracker_hash": "5678777473421c04ae1f6c86a92eb063066c448b6ed0cfb5a689ca0e8052bedf",
    "synced_at": "2026-08-29T20:53:36.784800+02:00"
  },
  {
    "plan": "plans/2026-08-29-ga-ejrm-workflow-foundation.md",
    "plan_hash": "13c373cbced7a95242859eee8578ddbe34c35a275edf9013d7924367b772515b",
    "tracker_hash": "928315ff5440abd7e26f6c02d63f05bc44dd0cec4d219192804baeee8eb4baf7",
    "synced_at": "2026-08-29T20:56:09.631678+02:00"
  },
  {
    "plan": "plans/2026-08-29-ga-ejrm-workflow-foundation.md",
    "plan_hash": "13c373cbced7a95242859eee8578ddbe34c35a275edf9013d7924367b772515b",
    "tracker_hash": "928315ff5440abd7e26f6c02d63f05bc44dd0cec4d219192804baeee8eb4baf7",
    "synced_at": "2026-08-29T21:09:41.225395+02:00"
  },
  {
    "plan": "plans/2026-08-29-ga-ejrm-workflow-foundation.md",
    "plan_hash": "652f3db325ac4671e2a3c0d3432dae289d30a69322b900011c3d424919b349b4",
    "tracker_hash": "b711e800e1808444dc0c8bbcdf619204a6d7c077e7b4ad0f85f1ccf1cc397911",
    "synced_at": "2026-08-29T21:10:19.852563+02:00"
  },
  {
    "plan": "plans/2026-08-29-ga-ejrm-workflow-foundation.md",
    "plan_hash": "652f3db325ac4671e2a3c0d3432dae289d30a69322b900011c3d424919b349b4",
    "tracker_hash": "b711e800e1808444dc0c8bbcdf619204a6d7c077e7b4ad0f85f1ccf1cc397911",
    "synced_at": "2026-08-29T21:28:19.822302+02:00"
  },
  {
    "plan": "plans/2026-08-29-ga-ejrm-workflow-foundation.md",
    "plan_hash": "652f3db325ac4671e2a3c0d3432dae289d30a69322b900011c3d424919b349b4",
    "tracker_hash": "b711e800e1808444dc0c8bbcdf619204a6d7c077e7b4ad0f85f1ccf1cc397911",
    "synced_at": "2026-08-29T21:28:36.645225+02:00"
  },
  {
    "plan": "plans/2026-08-29-ga-ejrm-workflow-foundation.md",
    "plan_hash": "652f3db325ac4671e2a3c0d3432dae289d30a69322b900011c3d424919b349b4",
    "tracker_hash": "cc1a76b82653536481faff41dab35bdd7d14eabd92a5da27ed1aa93b45416f48",
    "synced_at": "2026-08-29T21:31:24.569247+02:00"
  },
  {
    "plan": "plans/2026-08-29-ga-ejrm-workflow-foundation.md",
    "plan_hash": "652f3db325ac4671e2a3c0d3432dae289d30a69322b900011c3d424919b349b4",
    "tracker_hash": "cc1a76b82653536481faff41dab35bdd7d14eabd92a5da27ed1aa93b45416f48",
    "synced_at": "2026-08-29T21:31:46.087272+02:00"
  },
  {
    "plan": "plans/2026-08-29-ga-ejrm-workflow-foundation.md",
    "plan_hash": "652f3db325ac4671e2a3c0d3432dae289d30a69322b900011c3d424919b349b4",
    "tracker_hash": "cc1a76b82653536481faff41dab35bdd7d14eabd92a5da27ed1aa93b45416f48",
    "synced_at": "2026-08-29T21:36:57.259686+02:00"
  },
  {
    "plan": "plans/2026-08-29-ga-ejrm-workflow-foundation.md",
    "plan_hash": "3f1acc8c0c51fb114d3230c69366dfc8485d7cfe71ee3849c69a4dc12992d2f7",
    "tracker_hash": "cc1a76b82653536481faff41dab35bdd7d14eabd92a5da27ed1aa93b45416f48",
    "synced_at": "2026-08-29T22:20:25.433862+02:00"
  },
  {
    "plan": "plans/2026-08-29-ga-ejrm-workflow-foundation.md",
    "plan_hash": "3b2c87e8c0a368797d9a6fab33d94bdbf18f73c9470cbbe5ac3c588e5a2ac52d",
    "tracker_hash": "cc1a76b82653536481faff41dab35bdd7d14eabd92a5da27ed1aa93b45416f48",
    "synced_at": "2026-08-29T22:28:32.220166+02:00"
  },
  {
    "plan": "plans/2026-08-29-ga-ejrm-workflow-foundation.md",
    "plan_hash": "43d3af55af9ba75f0482bfbd08f48a4a7d9ac3782629710ef9478250c6124360",
    "tracker_hash": "cc1a76b82653536481faff41dab35bdd7d14eabd92a5da27ed1aa93b45416f48",
    "synced_at": "2026-08-29T22:46:38.679534+02:00"
  },
  {
    "plan": "plans/2026-08-29-ga-ejrm-workflow-foundation.md",
    "plan_hash": "eded1a997cfa9eba01ab01ecb5a6132bad0f17472af5b2f6ba13034a8fee4d01",
    "tracker_hash": "313053939933da6c588ac2cdcec0ccc6a9a08204e88b406638883028e4ab7688",
    "synced_at": "2026-08-29T22:58:03.135144+02:00"
  },
  {
    "plan": "plans/2026-08-29-ga-ejrm-workflow-foundation.md",
    "plan_hash": "6bbae72bbf001e15d239dfa070ac151dc947cb611a5f07d6c703c46491f1b6d7",
    "tracker_hash": "39601728381448d0a3d27bbf0f2e094a00482eb8e40441ad129cc39004af3afb",
    "synced_at": "2026-08-29T23:18:37.355032+02:00"
  },
  {
    "plan": "plans/2026-08-29-ga-ejrm-workflow-foundation.md",
    "plan_hash": "6bbae72bbf001e15d239dfa070ac151dc947cb611a5f07d6c703c46491f1b6d7",
    "tracker_hash": "39601728381448d0a3d27bbf0f2e094a00482eb8e40441ad129cc39004af3afb",
    "synced_at": "2026-08-29T23:29:26.235853+02:00"
  },
  {
    "plan": "plans/2026-08-29-ga-ejrm-workflow-foundation.md",
    "plan_hash": "45dc1b85a6fa3c9785f8f9d3545c22c57b94c66d1fd3a1ada13f04c77f9044fc",
    "tracker_hash": "275334890df847de6c6c09677407afb732976147cfa76b2622e51a4bd22bde50",
    "synced_at": "2026-08-29T23:49:07.506290+02:00"
  },
  {
    "plan": "plans/2026-08-29-ga-ejrm-workflow-foundation.md",
    "plan_hash": "45dc1b85a6fa3c9785f8f9d3545c22c57b94c66d1fd3a1ada13f04c77f9044fc",
    "tracker_hash": "275334890df847de6c6c09677407afb732976147cfa76b2622e51a4bd22bde50",
    "synced_at": "2026-08-30T00:16:26.844279+02:00"
  },
  {
    "plan": "plans/2026-08-29-ga-ejrm-workflow-foundation.md",
    "plan_hash": "45dc1b85a6fa3c9785f8f9d3545c22c57b94c66d1fd3a1ada13f04c77f9044fc",
    "tracker_hash": "21dee9f5afdb2c9cb444ffc591f9d4c5908552b05bf1b213668907ac3e726a4f",
    "synced_at": "2026-08-30T00:20:29.914782+02:00"
  },
  {
    "plan": "plans/2026-08-29-ga-ejrm-workflow-foundation.md",
    "plan_hash": "45dc1b85a6fa3c9785f8f9d3545c22c57b94c66d1fd3a1ada13f04c77f9044fc",
    "tracker_hash": "21dee9f5afdb2c9cb444ffc591f9d4c5908552b05bf1b213668907ac3e726a4f",
    "synced_at": "2026-08-30T00:20:51.199444+02:00"
  },
  {
    "plan": "plans/2026-08-29-ga-ejrm-workflow-foundation.md",
    "plan_hash": "45dc1b85a6fa3c9785f8f9d3545c22c57b94c66d1fd3a1ada13f04c77f9044fc",
    "tracker_hash": "79e22f1d991e3cf7e641fc1c6eee1456bb58a78fc3f21f2bb5a0aa2652c57d3a",
    "synced_at": "2026-08-30T00:22:07.208233+02:00"
  },
  {
    "plan": "plans/2026-08-29-ga-ejrm-workflow-foundation.md",
    "plan_hash": "45dc1b85a6fa3c9785f8f9d3545c22c57b94c66d1fd3a1ada13f04c77f9044fc",
    "tracker_hash": "e61963863f347ffda25114ac694c8cd05e1700ad668557063e618a1d19f3ab71",
    "synced_at": "2026-08-30T00:28:37.438033+02:00"
  },
  {
    "plan": "plans/2026-08-29-ga-ejrm-workflow-foundation.md",
    "plan_hash": "3f9d377aff6cf9f98011b68522ab9cd109b7133c49236b85a20759f37cab8ffe",
    "tracker_hash": "ebd73ed2bfe060078dfb0f4836ecb5fce2cf29ca3549c27804b7642cfb466bc7",
    "synced_at": "2026-08-30T00:46:11.027699+02:00"
  },
  {
    "plan": "plans/2026-08-29-ga-ejrm-workflow-foundation.md",
    "plan_hash": "3f9d377aff6cf9f98011b68522ab9cd109b7133c49236b85a20759f37cab8ffe",
    "tracker_hash": "f9fda219cadeeeb4e7dc7bef1ef0e3f12923649c77b5359ca0249057c31b7249",
    "synced_at": "2026-08-30T00:47:23.141425+02:00"
  },
  {
    "plan": "plans/2026-08-29-ga-ejrm-workflow-foundation.md",
    "plan_hash": "289f024fa3aed924f2d8e9dafbf07e48753198279cccff71eece1a2b0969d34b",
    "tracker_hash": "c2a2e731682d802675b12f5775dff800619f5eb06b98648e3197383b211f04c3",
    "synced_at": "2026-08-30T00:47:30.636814+02:00"
  },
  {
    "plan": "plans/2026-08-29-ga-ejrm-workflow-foundation.md",
    "plan_hash": "622fc55b50e28fb264bc16a5b438ee9d4c2a373bbab183f3a2363737b67c0a49",
    "tracker_hash": "5275ba227644c630c7d8c2cc17c227ee8a329c04f243c11e31ef9953595e8e53",
    "synced_at": "2026-08-30T00:48:21.468142+02:00"
  },
  {
    "plan": "plans/2026-08-30-ga-2mfo-workflow-identity-cache.md",
    "plan_hash": "b8d6d901c5811cbeb1f606788ea8f336b74a54725cd50ff613b6c0be8d08219a",
    "tracker_hash": "47d8e284dc7b580564eb13fbe724c996fa5cb0ec44004fc6cf593429439c65e7",
    "synced_at": "2026-08-30T11:06:06.391422+02:00"
  },
  {
    "plan": "plans/2026-08-30-ga-2mfo-workflow-identity-cache.md",
    "plan_hash": "033b7f057839efff27617d2fc4620307f307da3217f51fb92833a00f16df7ecd",
    "tracker_hash": "b3b2b0d3a1385e61ee08d27eddebe7abba1d1910f29fe6baac601665a1875ac7",
    "synced_at": "2026-08-30T11:15:57.886778+02:00"
  },
  {
    "plan": "plans/2026-08-30-ga-2mfo-workflow-identity-cache.md",
    "plan_hash": "49a0c87b145778132d2ba2f617d8dd94972b9f44988cb5708c987eb5bd5f95f2",
    "tracker_hash": "8dbc44e89ada66a79376e40019a5f4988c4298aead74df0a2da6ff648f0e785a",
    "synced_at": "2026-08-30T11:16:21.346194+02:00"
  },
  {
    "plan": "plans/2026-08-30-ga-2mfo-workflow-identity-cache.md",
    "plan_hash": "5a277989f7dc696114fcdb5fe9e2dcc13ae12fc4fd0c05872ea7b02c3bd7eb7c",
    "tracker_hash": "7879ca54ca039b2d89fb694244cf926abf1266e62c16f6e6d5b862750f4a3577",
    "synced_at": "2026-08-30T11:16:59.159742+02:00"
  },
  {
    "plan": "plans/2026-08-30-ga-2mfo-workflow-identity-cache.md",
    "plan_hash": "5a277989f7dc696114fcdb5fe9e2dcc13ae12fc4fd0c05872ea7b02c3bd7eb7c",
    "tracker_hash": "7879ca54ca039b2d89fb694244cf926abf1266e62c16f6e6d5b862750f4a3577",
    "synced_at": "2026-08-30T11:21:54.670496+02:00"
  },
  {
    "plan": "plans/2026-08-30-ga-2mfo-workflow-identity-cache.md",
    "plan_hash": "5a277989f7dc696114fcdb5fe9e2dcc13ae12fc4fd0c05872ea7b02c3bd7eb7c",
    "tracker_hash": "7879ca54ca039b2d89fb694244cf926abf1266e62c16f6e6d5b862750f4a3577",
    "synced_at": "2026-08-30T11:22:23.420240+02:00"
  },
  {
    "plan": "plans/2026-08-30-ga-2mfo-workflow-identity-cache.md",
    "plan_hash": "5a277989f7dc696114fcdb5fe9e2dcc13ae12fc4fd0c05872ea7b02c3bd7eb7c",
    "tracker_hash": "435c79bed3c666c97fbb556f99e4334e37c65bba660c6cf0869db817d3b99157",
    "synced_at": "2026-08-30T11:47:38.030162+02:00"
  },
  {
    "plan": "plans/2026-08-30-ga-2mfo-workflow-identity-cache.md",
    "plan_hash": "5a277989f7dc696114fcdb5fe9e2dcc13ae12fc4fd0c05872ea7b02c3bd7eb7c",
    "tracker_hash": "435c79bed3c666c97fbb556f99e4334e37c65bba660c6cf0869db817d3b99157",
    "synced_at": "2026-08-30T11:48:43.243809+02:00"
  },
  {
    "plan": "plans/2026-08-30-ga-2mfo-workflow-identity-cache.md",
    "plan_hash": "5a277989f7dc696114fcdb5fe9e2dcc13ae12fc4fd0c05872ea7b02c3bd7eb7c",
    "tracker_hash": "bc28d05da179ea3af7b89d6a1631cea9de2f1aa9da2080947ab6f0a2cbfd443e",
    "synced_at": "2026-08-30T11:59:06.203751+02:00"
  },
  {
    "plan": "plans/2026-08-30-ga-2mfo-workflow-identity-cache.md",
    "plan_hash": "5a277989f7dc696114fcdb5fe9e2dcc13ae12fc4fd0c05872ea7b02c3bd7eb7c",
    "tracker_hash": "9d9780f84ee2be07a5f91628b3a8190cd450216f7ba2b1f7b9eb674156f24dc8",
    "synced_at": "2026-08-30T12:13:08.020292+02:00"
  },
  {
    "plan": "plans/2026-08-30-ga-2mfo-workflow-identity-cache.md",
    "plan_hash": "1e0317d17375fc45109b7bd00a2f44ad422dbfb00749d96833b6c18e2cbb610c",
    "tracker_hash": "cae1e1802512a1a7a89dc44e6f92ccb3e1ffb3b61468d5f9d9fb46a2f85ac156",
    "synced_at": "2026-08-30T12:22:38.437426+02:00"
  },
  {
    "plan": "plans/2026-08-30-ga-2mfo-workflow-identity-cache.md",
    "plan_hash": "7a83c9fd8f5cf84317cffe9c112809006770424561d238df305f03e4943d32a6",
    "tracker_hash": "abbce0255a233bf79858cfa259ea252f04e5f2114a42258084cdd378e800b359",
    "synced_at": "2026-08-30T12:22:50.262009+02:00"
  },
  {
    "plan": "plans/2026-08-30-ga-2mfo-workflow-identity-cache.md",
    "plan_hash": "1fd2614c4d935462428a081ff83e8a202588be093d7c0ae1ccf451af5b3b305f",
    "tracker_hash": "abbce0255a233bf79858cfa259ea252f04e5f2114a42258084cdd378e800b359",
    "synced_at": "2026-08-30T12:24:11.938814+02:00"
  },
  {
    "plan": "plans/2026-08-30-ga-iebz-workflow-transitions.md",
    "plan_hash": "3044edac5811de000cc017a4ed55b1bad1decf2a2412b0b62a508de6547952c4",
    "tracker_hash": "6515c42cb6386d9a6d74cff111cf99f5ee282d6df89a4a8e120f2403077d4936",
    "synced_at": "2026-08-30T12:40:58.744277+02:00"
  },
  {
    "plan": "plans/2026-08-30-ga-iebz-workflow-transitions.md",
    "plan_hash": "0dcc078f20d753c9d02b85575727aad4ee6e1e961068ebdf0ab4ef40bf40fc0c",
    "tracker_hash": "34f254633197acc6fa33027702cece05529db2f515002231f36f5693370aff03",
    "synced_at": "2026-08-30T12:43:11.103692+02:00"
  },
  {
    "plan": "plans/2026-08-30-ga-iebz-workflow-transitions.md",
    "plan_hash": "472a33caa5da376297caf8f3ec95505670b47018829bc4af35d4d4856416db23",
    "tracker_hash": "5ca68d5a5809ebe79af11dcacbe89d22190a91818cfd9b7db3250224cf3b55fa",
    "synced_at": "2026-08-30T13:02:41.195475+02:00"
  },
  {
    "plan": "plans/2026-08-30-ga-iebz-workflow-transitions.md",
    "plan_hash": "34f098d79d8ca37703536bdfd3db98c372568a0b0ee4f6d2cbc20362775f2841",
    "tracker_hash": "ba7cb8d78c67955b2264ac36b09166bc2a76d4d85b0b1df383946a93603adc90",
    "synced_at": "2026-08-30T13:08:08.297927+02:00"
  },
  {
    "plan": "plans/2026-08-30-ga-iebz-workflow-transitions.md",
    "plan_hash": "34f098d79d8ca37703536bdfd3db98c372568a0b0ee4f6d2cbc20362775f2841",
    "tracker_hash": "ba7cb8d78c67955b2264ac36b09166bc2a76d4d85b0b1df383946a93603adc90",
    "synced_at": "2026-08-30T13:09:12.329586+02:00"
  },
  {
    "plan": "plans/2026-08-30-ga-iebz-workflow-transitions.md",
    "plan_hash": "34f098d79d8ca37703536bdfd3db98c372568a0b0ee4f6d2cbc20362775f2841",
    "tracker_hash": "44d792222b8b85860622dc7ae7777bbb3f7d5f8504b3e4194fe6010efd7123db",
    "synced_at": "2026-08-30T13:10:25.577690+02:00"
  },
  {
    "plan": "plans/2026-08-30-ga-iebz-workflow-transitions.md",
    "plan_hash": "34f098d79d8ca37703536bdfd3db98c372568a0b0ee4f6d2cbc20362775f2841",
    "tracker_hash": "44d792222b8b85860622dc7ae7777bbb3f7d5f8504b3e4194fe6010efd7123db",
    "synced_at": "2026-08-30T13:13:22.198215+02:00"
  },
  {
    "plan": "plans/2026-08-30-ga-iebz-workflow-transitions.md",
    "plan_hash": "34f098d79d8ca37703536bdfd3db98c372568a0b0ee4f6d2cbc20362775f2841",
    "tracker_hash": "7e4f7124d76944077d021fef93d1948b288c21277ade9f3ccce5ffc445876be8",
    "synced_at": "2026-08-30T13:15:12.045995+02:00"
  },
  {
    "plan": "plans/2026-08-30-ga-iebz-workflow-transitions.md",
    "plan_hash": "03d24925ca973c0a716b21d01cd46a64043a37bfca0c699ca11530be3523a5b5",
    "tracker_hash": "bb2ad75ca02eca4888cb9c4846927d0b962fb3cb344ec9cf6ee04872a9e2493b",
    "synced_at": "2026-08-30T13:23:59.437166+02:00"
  },
  {
    "plan": "plans/2026-08-30-ga-k0ry-evidence-workflow-v1.md",
    "plan_hash": "b5e890fecaea6ea670927c5ea7944e1a267add7811f4301ede87558f4b6a9640",
    "tracker_hash": "d62263b8971c3c61314e3e9abe34b9637582a897a451add015ba9d48ce16150f",
    "synced_at": "2026-08-30T13:32:54.581378+02:00"
  },
  {
    "plan": "plans/2026-08-30-ga-k0ry-evidence-workflow-v1.md",
    "plan_hash": "724e09d3b65e2ba2e76e388f86652914d05d055f019b3f1033deddf119f63d80",
    "tracker_hash": "ec22fc763b2730bf13543712fffdb7753bd87117a8d7818785c345d1431011eb",
    "synced_at": "2026-08-30T13:34:40.407931+02:00"
  },
  {
    "plan": "plans/2026-08-30-ga-k0ry-evidence-workflow-v1.md",
    "plan_hash": "82dfdc96abb090dd063cd146b43567f2a84559f0aaaf285596c6b4483c6f21fd",
    "tracker_hash": "f85c7dfd20d5069c3002179ffe4997794f9e4203734fca510236a70a90094e5e",
    "synced_at": "2026-08-30T13:35:09.581824+02:00"
  },
  {
    "plan": "plans/2026-08-30-ga-k0ry-evidence-workflow-v1.md",
    "plan_hash": "b989f4c21519c65196825cd77d3508c50b89a98c0e6a2adef1a39c451811dc80",
    "tracker_hash": "f85a280498894e36defd77db9262ae9854db3d3e0a9571ebb0f39e87271e4386",
    "synced_at": "2026-08-30T13:54:25.511189+02:00"
  },
  {
    "plan": "plans/2026-08-30-ga-k0ry-evidence-workflow-v1.md",
    "plan_hash": "b989f4c21519c65196825cd77d3508c50b89a98c0e6a2adef1a39c451811dc80",
    "tracker_hash": "f85a280498894e36defd77db9262ae9854db3d3e0a9571ebb0f39e87271e4386",
    "synced_at": "2026-08-30T13:54:37.433700+02:00"
  },
  {
    "plan": "plans/2026-08-30-ga-k0ry-evidence-workflow-v1.md",
    "plan_hash": "b989f4c21519c65196825cd77d3508c50b89a98c0e6a2adef1a39c451811dc80",
    "tracker_hash": "2707820b6fd8c6e20a1b7f350ac72be3ebbaa61b42ed41ae9136be76bd8556ec",
    "synced_at": "2026-08-30T14:02:01.614910+02:00"
  },
  {
    "plan": "plans/2026-08-30-ga-k0ry-evidence-workflow-v1.md",
    "plan_hash": "b989f4c21519c65196825cd77d3508c50b89a98c0e6a2adef1a39c451811dc80",
    "tracker_hash": "85069bdbb32dda5cb8fa71245ffa3d97a3b6c45d579311f6e0a1797b3a2fbe81",
    "synced_at": "2026-08-30T14:21:38.122635+02:00"
  },
  {
    "plan": "plans/2026-08-30-ga-k0ry-evidence-workflow-v1.md",
    "plan_hash": "b989f4c21519c65196825cd77d3508c50b89a98c0e6a2adef1a39c451811dc80",
    "tracker_hash": "6e9053de85913c2839e0c966db4874bf29229584e5081dbf726504ee7174b9e4",
    "synced_at": "2026-08-30T14:53:58.029723+02:00"
  },
  {
    "plan": "plans/2026-08-30-ga-k0ry-evidence-workflow-v1.md",
    "plan_hash": "98194146c7ba91ee174f9f293c63e5b5ec54abab79f75b87113e1a5220173f45",
    "tracker_hash": "7953eae8b4dde96ceda9ab79d251e7829ae27dce8f8a33e1f99e30659f08ff02",
    "synced_at": "2026-08-30T15:17:40.439870+02:00"
  },
  {
    "plan": "plans/2026-08-30-ga-k0ry-evidence-workflow-v1.md",
    "plan_hash": "98194146c7ba91ee174f9f293c63e5b5ec54abab79f75b87113e1a5220173f45",
    "tracker_hash": "7953eae8b4dde96ceda9ab79d251e7829ae27dce8f8a33e1f99e30659f08ff02",
    "synced_at": "2026-08-30T15:17:40.889929+02:00"
  },
  {
    "plan": "plans/2026-08-30-ga-k0ry-evidence-workflow-v1.md",
    "plan_hash": "f1a0225f10a7536e233d05be8336857ad09f2b126075e8dea18fa233f1bf2479",
    "tracker_hash": "804823b05b863f38ace261647be0333684c608101d8157a0ccc26c94626c5d0c",
    "synced_at": "2026-08-30T16:03:59.290074+02:00"
  },
  {
    "plan": "plans/2026-08-30-ga-k0ry-evidence-workflow-v1.md",
    "plan_hash": "f1a0225f10a7536e233d05be8336857ad09f2b126075e8dea18fa233f1bf2479",
    "tracker_hash": "804823b05b863f38ace261647be0333684c608101d8157a0ccc26c94626c5d0c",
    "synced_at": "2026-08-30T16:04:13.390446+02:00"
  },
  {
    "plan": "plans/2026-08-30-ga-k0ry-evidence-workflow-v1.md",
    "plan_hash": "f1a0225f10a7536e233d05be8336857ad09f2b126075e8dea18fa233f1bf2479",
    "tracker_hash": "804823b05b863f38ace261647be0333684c608101d8157a0ccc26c94626c5d0c",
    "synced_at": "2026-08-30T16:10:56.224433+02:00"
  },
  {
    "plan": "plans/2026-08-30-ga-k0ry-evidence-workflow-v1.md",
    "plan_hash": "f1a0225f10a7536e233d05be8336857ad09f2b126075e8dea18fa233f1bf2479",
    "tracker_hash": "804823b05b863f38ace261647be0333684c608101d8157a0ccc26c94626c5d0c",
    "synced_at": "2026-08-30T16:10:56.674277+02:00"
  },
  {
    "plan": "plans/2026-08-30-ga-k0ry-evidence-workflow-v1.md",
    "plan_hash": "d360de5ebdcc20425ee543ab6ab01bf671ab95ff9483ce8a5b5f327f52b2b22b",
    "tracker_hash": "07aa3e5a05fdf879e0d385518e5c9fbd57f49d32faee7b53d482ad1d4edcc527",
    "synced_at": "2026-08-30T17:07:38.011258+02:00"
  },
  {
    "plan": "plans/2026-08-30-ga-k0ry-evidence-workflow-v1.md",
    "plan_hash": "d360de5ebdcc20425ee543ab6ab01bf671ab95ff9483ce8a5b5f327f52b2b22b",
    "tracker_hash": "59776b72c710fdb2dd0ebd1f1eb29054e70b0b332bcdeeecad339c8adf93c618",
    "synced_at": "2026-08-30T17:33:55.895068+02:00"
  },
  {
    "plan": "plans/2026-08-30-ga-k0ry-evidence-workflow-v1.md",
    "plan_hash": "d360de5ebdcc20425ee543ab6ab01bf671ab95ff9483ce8a5b5f327f52b2b22b",
    "tracker_hash": "59776b72c710fdb2dd0ebd1f1eb29054e70b0b332bcdeeecad339c8adf93c618",
    "synced_at": "2026-08-30T17:35:07.993908+02:00"
  },
  {
    "plan": "plans/2026-08-30-ga-k0ry-evidence-workflow-v1.md",
    "plan_hash": "d360de5ebdcc20425ee543ab6ab01bf671ab95ff9483ce8a5b5f327f52b2b22b",
    "tracker_hash": "59776b72c710fdb2dd0ebd1f1eb29054e70b0b332bcdeeecad339c8adf93c618",
    "synced_at": "2026-08-30T17:36:09.922622+02:00"
  },
  {
    "plan": "plans/2026-08-30-ga-k0ry-evidence-workflow-v1.md",
    "plan_hash": "696e74618ae3535714e893bbb100408346063d6aaa323c83ba6516146335d58e",
    "tracker_hash": "dd7d155f70da336be42ed90113793ab345ac9d6ce1fadbaeccf4614e7e5f700f",
    "synced_at": "2026-08-30T18:26:31.790674+02:00"
  },
  {
    "plan": "plans/2026-08-30-ga-k0ry-evidence-workflow-v1.md",
    "plan_hash": "ba8abfe88b27bb19bc41dd8b579f4498a6b059d1478606a2aa5bd56439d7317f",
    "tracker_hash": "0687043e1514e65295668fbc96d7a13da02cc4c7369c464f56f89667a074526e",
    "synced_at": "2026-08-30T19:22:36.397787+02:00"
  },
  {
    "plan": "plans/2026-08-30-ga-k0ry-evidence-workflow-v1.md",
    "plan_hash": "ba8abfe88b27bb19bc41dd8b579f4498a6b059d1478606a2aa5bd56439d7317f",
    "tracker_hash": "114bf9a1986b3448ca815278105b953b5e6c3a3b93a165572744c8cc2f3e806e",
    "synced_at": "2026-08-30T19:27:37.256068+02:00"
  },
  {
    "plan": "plans/2026-08-30-ga-k0ry-evidence-workflow-v1.md",
    "plan_hash": "3743087e0c41729faaa6c676a54b727d613e3c1bccb32ad27afae30424cd481b",
    "tracker_hash": "c7044439f800b6b3327438064e763abbc0505b97ddc474d44bc91fc0d1da97d2",
    "synced_at": "2026-08-30T20:05:22.734739+02:00"
  },
  {
    "plan": "plans/2026-08-30-ga-k0ry-evidence-workflow-v1.md",
    "plan_hash": "b262e61f5df7fa93527b979de5f7edd791312c2088ab96b91775b08cc00e0c01",
    "tracker_hash": "d3b9868a4c5812700cacc1c65a928bea344aa91549629ad3891a48c892079fa6",
    "synced_at": "2026-08-30T20:05:41.847031+02:00"
  },
  {
    "plan": "plans/2026-08-30-ga-k0ry-evidence-workflow-v1.md",
    "plan_hash": "b262e61f5df7fa93527b979de5f7edd791312c2088ab96b91775b08cc00e0c01",
    "tracker_hash": "d3b9868a4c5812700cacc1c65a928bea344aa91549629ad3891a48c892079fa6",
    "synced_at": "2026-08-30T20:05:54.891386+02:00"
  },
  {
    "plan": "plans/2026-08-30-ci-0x17-evidence-prompt-port.md",
    "plan_hash": "cd31aa595aebcdce132f47ea808d1e66e9d1e2d5731c92680b14427a1625ead3",
    "tracker_hash": "e1c1e94f3d8437dacfd2223f1bba83607cc31e11aa2ed3311d861f63fb9f1675",
    "synced_at": "2026-08-30T23:02:43.614785+02:00"
  },
  {
    "plan": "plans/2026-08-30-ga-k0ry-evidence-workflow-v1.md",
    "plan_hash": "cd31aa595aebcdce132f47ea808d1e66e9d1e2d5731c92680b14427a1625ead3",
    "tracker_hash": "e1c1e94f3d8437dacfd2223f1bba83607cc31e11aa2ed3311d861f63fb9f1675",
    "synced_at": "2026-08-30T23:03:20.821645+02:00"
  },
  {
    "plan": "plans/2026-08-30-ci-0x17-evidence-prompt-port.md",
    "plan_hash": "cd31aa595aebcdce132f47ea808d1e66e9d1e2d5731c92680b14427a1625ead3",
    "tracker_hash": "e1c1e94f3d8437dacfd2223f1bba83607cc31e11aa2ed3311d861f63fb9f1675",
    "synced_at": "2026-08-30T23:05:06.399859+02:00"
  },
  {
    "plan": "plans/2026-08-30-ci-0x17-evidence-prompt-port.md",
    "plan_hash": "70ba1b52deae59a80a809ed205e18e2c0f4308e58468beb5fef5d0687dde4065",
    "tracker_hash": "e1c1e94f3d8437dacfd2223f1bba83607cc31e11aa2ed3311d861f63fb9f1675",
    "synced_at": "2026-08-30T23:05:43.503671+02:00"
  },
  {
    "plan": "plans/2026-08-31-ga-c8al-support-hierarchical-bead-ids-in-transactional-workflow-lifecycl.md",
    "plan_hash": "c3c17d882642d571f47a385a777772e699903c1f740968b1158aa31ace6ccc98",
    "tracker_hash": "65dcf5db73f0198b063560f75e4ba0874203db2577ee87f05b045f2cf3ec5a75",
    "synced_at": "2026-08-31T11:29:02.367020+02:00"
  },
  {
    "plan": "plans/2026-08-31-ga-c8al-support-hierarchical-bead-ids-in-transactional-workflow-lifecycl.md",
    "plan_hash": "c3c17d882642d571f47a385a777772e699903c1f740968b1158aa31ace6ccc98",
    "tracker_hash": "65dcf5db73f0198b063560f75e4ba0874203db2577ee87f05b045f2cf3ec5a75",
    "synced_at": "2026-08-31T11:38:35.096641+02:00"
  },
  {
    "plan": "plans/2026-08-31-ga-c8al-support-hierarchical-bead-ids-in-transactional-workflow-lifecycl.md",
    "plan_hash": "05d274b0485d1c142c8f196ff4327be029d661f04ce486305928b9ad6e155514",
    "tracker_hash": "c4b37268efcc9a19d237e5183420b54c3781203564ba37f73d7d3c392f7f0ab7",
    "synced_at": "2026-08-31T11:40:18.113377+02:00"
  },
  {
    "plan": "plans/2026-08-31-ga-c8al-support-hierarchical-bead-ids-in-transactional-workflow-lifecycl.md",
    "plan_hash": "05d274b0485d1c142c8f196ff4327be029d661f04ce486305928b9ad6e155514",
    "tracker_hash": "c4b37268efcc9a19d237e5183420b54c3781203564ba37f73d7d3c392f7f0ab7",
    "synced_at": "2026-08-31T11:40:52.567150+02:00"
  },
  {
    "plan": "plans/2026-08-31-ga-c8al-support-hierarchical-bead-ids-in-transactional-workflow-lifecycl.md",
    "plan_hash": "c20b06505dcd5ff31369f28982ae36ad18d9229b645d2b27fd05fc40695d1496",
    "tracker_hash": "55766748b8fc40aaf673ec0d2578a04ca819054c9f9acddde93ec5cb5f7307f5",
    "synced_at": "2026-08-31T11:42:14.704052+02:00"
  },
  {
    "plan": "plans/2026-08-31-ga-c8al-support-hierarchical-bead-ids-in-transactional-workflow-lifecycl.md",
    "plan_hash": "c20b06505dcd5ff31369f28982ae36ad18d9229b645d2b27fd05fc40695d1496",
    "tracker_hash": "d979ba6e91c01804c87d9bbecd05bd8841e2fa9b141bb41dd473047133e830be",
    "synced_at": "2026-08-31T11:50:38.902124+02:00"
  },
  {
    "plan": "plans/2026-08-31-ga-c8al-support-hierarchical-bead-ids-in-transactional-workflow-lifecycl.md",
    "plan_hash": "7ff55d2ba3a58f753569ada4a417a54ca6d8450a8b9b1a0d5a0674fd9c2410ce",
    "tracker_hash": "afa7357a8caee82114aa616c17351b8c3b89f35a84bbb62e899c9284ccff87ac",
    "synced_at": "2026-08-31T11:50:58.201728+02:00"
  },
  {
    "plan": "plans/2026-08-31-ga-ur1c.1-continuity-status-auditor.md",
    "plan_hash": "86e14bbbbc61eb640cbf79f3236652782f3823c1ff0231d2ea9a6ae191ee6b50",
    "tracker_hash": "8273cd00160b1749fd9d46d591064ca2d54330f003f8f7ace7932b6a222cf094",
    "synced_at": "2026-08-31T11:59:26.687240+02:00"
  },
  {
    "plan": "plans/2026-08-31-ga-357r-unify-hierarchical-bead-ids.md",
    "plan_hash": "7a7ccf4f0d5e0a7217d681739f509822e19bd6fa00c8d28c88cb0f7fee94d3b3",
    "tracker_hash": "8d0916590d2b227797f53f1c15ec8052241a1d8d9b1b5438afdf1757337395a3",
    "synced_at": "2026-08-31T12:01:20.779002+02:00"
  },
  {
    "plan": "plans/2026-08-31-ga-357r-unify-hierarchical-bead-ids.md",
    "plan_hash": "6b2e6fc3fbdef2b4f4f2fd089d4f8a3c36c8f3ac8a020917f6010ca2cea2cccc",
    "tracker_hash": "6e8ae2891f80c5d63b8621b0840f68e3e5621aea5b369c66ac3f363bfc79465c",
    "synced_at": "2026-08-31T12:11:24.439563+02:00"
  },
  {
    "plan": "plans/2026-08-31-ga-357r-unify-hierarchical-bead-ids.md",
    "plan_hash": "c739603d2a0f96e563c6e2890e7d348390eb7c619cc67587fd6856f577f159d0",
    "tracker_hash": "4d47a98e8c48bf3fc5780d5720f243302dfb4eae301a063537f7a5c60198e991",
    "synced_at": "2026-08-31T12:18:24.768973+02:00"
  },
  {
    "plan": "plans/2026-08-31-ga-357r-unify-hierarchical-bead-ids.md",
    "plan_hash": "c739603d2a0f96e563c6e2890e7d348390eb7c619cc67587fd6856f577f159d0",
    "tracker_hash": "997454468e78ef22f5e76cca83cd987c4dd9b3b81208d12392ffdc77416399bc",
    "synced_at": "2026-08-31T12:27:01.351031+02:00"
  },
  {
    "plan": "plans/2026-08-31-ga-357r-unify-hierarchical-bead-ids.md",
    "plan_hash": "51ccb64db17b95398c240b0d1a3c8b7735cf9caa8bdf65096e31b5a629ad6983",
    "tracker_hash": "4b817243cf766f3eacd56567bb8f1031a06b3bfdbecf9eff441891de57e316fb",
    "synced_at": "2026-08-31T12:27:01.931148+02:00"
  },
  {
    "plan": "plans/2026-08-31-ga-ur1c.1-continuity-status-auditor.md",
    "plan_hash": "eb5d2ba1ff2ec7d657faa671247bb37433d15681e345b3bd6728326cce17da6d",
    "tracker_hash": "d97b03859dbbfc994942cf2abcd7d42f0f8e7bc42e931f538f637588c52500a0",
    "synced_at": "2026-08-31T13:04:04.698877+02:00"
  },
  {
    "plan": "plans/2026-08-31-ga-ur1c.1-continuity-status-auditor.md",
    "plan_hash": "eb5d2ba1ff2ec7d657faa671247bb37433d15681e345b3bd6728326cce17da6d",
    "tracker_hash": "e1d6fc3e2a15b6aee528a59519e4161245c9fcb36a1834208a9bff63ee346ee3",
    "synced_at": "2026-08-31T13:29:36.395589+02:00"
  },
  {
    "plan": "plans/2026-08-31-ga-ur1c.1-continuity-status-auditor.md",
    "plan_hash": "eb5d2ba1ff2ec7d657faa671247bb37433d15681e345b3bd6728326cce17da6d",
    "tracker_hash": "e1d6fc3e2a15b6aee528a59519e4161245c9fcb36a1834208a9bff63ee346ee3",
    "synced_at": "2026-08-31T13:29:44.938751+02:00"
  },
  {
    "plan": "plans/2026-08-31-ga-ur1c.1-continuity-status-auditor.md",
    "plan_hash": "eb5d2ba1ff2ec7d657faa671247bb37433d15681e345b3bd6728326cce17da6d",
    "tracker_hash": "4f61f846d00a053c7ef0efddc9ad2fecd185743c3c3fbfb513d22bee0c7be9bb",
    "synced_at": "2026-08-31T13:40:07.397343+02:00"
  },
  {
    "plan": "plans/2026-08-31-ga-ur1c.1-continuity-status-auditor.md",
    "plan_hash": "eb5d2ba1ff2ec7d657faa671247bb37433d15681e345b3bd6728326cce17da6d",
    "tracker_hash": "4f61f846d00a053c7ef0efddc9ad2fecd185743c3c3fbfb513d22bee0c7be9bb",
    "synced_at": "2026-08-31T13:54:17.531678+02:00"
  },
  {
    "plan": "plans/2026-08-31-ga-ur1c.1-continuity-status-auditor.md",
    "plan_hash": "a924e04afc2b20eb1c7a2d250f4318a93fb1b6dd22d852a077daf0546c8ab958",
    "tracker_hash": "de2e4c4954fde5f67d1aa634fbebaf247ccac967362f707c5cf3ccecfa986691",
    "synced_at": "2026-08-31T14:02:09.426048+02:00"
  },
  {
    "plan": "plans/2026-08-31-ga-ur1c.1-continuity-status-auditor.md",
    "plan_hash": "a924e04afc2b20eb1c7a2d250f4318a93fb1b6dd22d852a077daf0546c8ab958",
    "tracker_hash": "d2b72ac28346d5e9f0d9a79d6ebbed393276d5c3585577d9e7854ff937ab3b7c",
    "synced_at": "2026-08-31T14:02:34.281945+02:00"
  },
  {
    "plan": "plans/2026-08-31-ga-ur1c.1-continuity-status-auditor.md",
    "plan_hash": "2c79d394bbc3a78f993decf92ea327e35a194668b78cb2234c358c34604df333",
    "tracker_hash": "832f17777727f7aa1b38e48abb7ee9c215de73d47c18612bbb84b2788d59869b",
    "synced_at": "2026-08-31T14:02:46.731552+02:00"
  },
  {
    "plan": "plans/2026-08-31-ga-ur1c.2-canonical-root-lifecycle-parity.md",
    "plan_hash": "37cf928c65ff89828177e7228e9522e414147c4ce7d0a490abe401d09074845e",
    "tracker_hash": "e7d5dd0b49b69b1bdd6a0160b29444209953372d85a67022178902bbae43eec4",
    "synced_at": "2026-08-31T14:13:59.554381+02:00"
  },
  {
    "plan": "plans/2026-08-31-ga-ur1c.2-canonical-root-lifecycle-parity.md",
    "plan_hash": "6868f6f5316b641e8726fe537bbbfe1019db3b23302b7a1df7047fa94e920029",
    "tracker_hash": "93003856264b2db725e9a7bf5eb2dac3cf998bc93793fa1ebc8483186511174b",
    "synced_at": "2026-08-31T14:36:39.424339+02:00"
  },
  {
    "plan": "plans/2026-08-31-ga-ur1c.2-canonical-root-lifecycle-parity.md",
    "plan_hash": "6868f6f5316b641e8726fe537bbbfe1019db3b23302b7a1df7047fa94e920029",
    "tracker_hash": "e71e3e25445a77a334ba6cd839ded3083468eefc8da647c60b71645d8592895a",
    "synced_at": "2026-08-31T14:51:25.856498+02:00"
  },
  {
    "plan": "plans/2026-08-31-ga-ur1c.2-canonical-root-lifecycle-parity.md",
    "plan_hash": "6868f6f5316b641e8726fe537bbbfe1019db3b23302b7a1df7047fa94e920029",
    "tracker_hash": "e71e3e25445a77a334ba6cd839ded3083468eefc8da647c60b71645d8592895a",
    "synced_at": "2026-08-31T14:51:46.362347+02:00"
  },
  {
    "plan": "plans/2026-08-31-ga-ur1c.2-canonical-root-lifecycle-parity.md",
    "plan_hash": "6868f6f5316b641e8726fe537bbbfe1019db3b23302b7a1df7047fa94e920029",
    "tracker_hash": "556952b9c53d511eb3e3e8dfbb69201d2d41e29a667dbe68dfdbd7c3b7885799",
    "synced_at": "2026-08-31T14:58:59.541739+02:00"
  },
  {
    "plan": "plans/2026-08-31-ga-ur1c.2-canonical-root-lifecycle-parity.md",
    "plan_hash": "d2485a18bc459d482c98b0d5b86c0d9cc18e1229e264e63f6e6c32a1e6a3fb0c",
    "tracker_hash": "1eb3e69b26ff691d9eeb6353c74fca757f382f2eebf30656f3b1ac40f1382897",
    "synced_at": "2026-08-31T15:08:26.397277+02:00"
  },
  {
    "plan": "plans/2026-08-31-ga-ur1c.2-canonical-root-lifecycle-parity.md",
    "plan_hash": "d2485a18bc459d482c98b0d5b86c0d9cc18e1229e264e63f6e6c32a1e6a3fb0c",
    "tracker_hash": "1eb3e69b26ff691d9eeb6353c74fca757f382f2eebf30656f3b1ac40f1382897",
    "synced_at": "2026-08-31T15:08:36.808185+02:00"
  },
  {
    "plan": "plans/2026-08-31-ga-ur1c.2-canonical-root-lifecycle-parity.md",
    "plan_hash": "e051bc6a9f8c98bd3496874c33245324382b364d787bab4b526157de4d55aeb7",
    "tracker_hash": "836742a85e7e03142352d6bdb00fb82616e8888b2056ee693c513a006d5d3ff5",
    "synced_at": "2026-08-31T15:08:47.155275+02:00"
  },
  {
    "plan": "plans/2026-08-31-ga-ur1c.3-continuously-reconcile-every-registered-project-into-obsidian.md",
    "plan_hash": "bc051c7f3916bc93850f544d690c550e4c4ad72dbdce5648012d2dd3926983b9",
    "tracker_hash": "bdeb119162a31893bac32bdc54217b04138cb9cd4647c8549b5f09503e7b7ffd",
    "synced_at": "2026-08-31T15:17:59.171156+02:00"
  },
  {
    "plan": "plans/2026-08-31-ga-ur1c.3-continuously-reconcile-every-registered-project-into-obsidian.md",
    "plan_hash": "8924205084c3815b72c6136533eb7a7a83315cfa0f47d208060a3152ddf1ad72",
    "tracker_hash": "1bc305850d3f5d764927cd32c2a4dc3d6c1b0a8d80643b3fbff4e495184debd3",
    "synced_at": "2026-08-31T15:20:24.870767+02:00"
  },
  {
    "plan": "plans/2026-08-31-ga-ur1c.3-continuously-reconcile-every-registered-project-into-obsidian.md",
    "plan_hash": "8924205084c3815b72c6136533eb7a7a83315cfa0f47d208060a3152ddf1ad72",
    "tracker_hash": "1bc305850d3f5d764927cd32c2a4dc3d6c1b0a8d80643b3fbff4e495184debd3",
    "synced_at": "2026-08-31T15:44:04.210950+02:00"
  },
  {
    "plan": "plans/2026-08-31-ga-ur1c.3-continuously-reconcile-every-registered-project-into-obsidian.md",
    "plan_hash": "8924205084c3815b72c6136533eb7a7a83315cfa0f47d208060a3152ddf1ad72",
    "tracker_hash": "1bc305850d3f5d764927cd32c2a4dc3d6c1b0a8d80643b3fbff4e495184debd3",
    "synced_at": "2026-08-31T15:44:15.389772+02:00"
  },
  {
    "plan": "plans/2026-08-31-ga-ur1c.3-continuously-reconcile-every-registered-project-into-obsidian.md",
    "plan_hash": "c2ef18ce36e15c3c6750859cab5170aa2340418ae63e57fdbac6532279eaf325",
    "tracker_hash": "1c06f7af69db99d04b5ce11473c2ea7e25fd4f8dba74f597b98d667de022a7e6",
    "synced_at": "2026-08-31T15:45:13.797898+02:00"
  },
  {
    "plan": "plans/2026-08-31-ga-ur1c.3-continuously-reconcile-every-registered-project-into-obsidian.md",
    "plan_hash": "c2ef18ce36e15c3c6750859cab5170aa2340418ae63e57fdbac6532279eaf325",
    "tracker_hash": "1c06f7af69db99d04b5ce11473c2ea7e25fd4f8dba74f597b98d667de022a7e6",
    "synced_at": "2026-08-31T15:45:21.089789+02:00"
  },
  {
    "plan": "plans/2026-08-31-ga-ur1c.3-continuously-reconcile-every-registered-project-into-obsidian.md",
    "plan_hash": "f079c9d359b8816c5103c219dc4daecc2609694c719f5e288297d3452262c924",
    "tracker_hash": "8c9429ecc7f87b299d863c4f46b19607aac7fb4567d10b748b69607094d00ede",
    "synced_at": "2026-08-31T16:07:40.337917+02:00"
  },
  {
    "plan": "plans/2026-08-31-ga-ur1c.3-continuously-reconcile-every-registered-project-into-obsidian.md",
    "plan_hash": "f079c9d359b8816c5103c219dc4daecc2609694c719f5e288297d3452262c924",
    "tracker_hash": "8c9429ecc7f87b299d863c4f46b19607aac7fb4567d10b748b69607094d00ede",
    "synced_at": "2026-08-31T16:07:40.690169+02:00"
  },
  {
    "plan": "plans/2026-08-31-ga-ur1c.3-continuously-reconcile-every-registered-project-into-obsidian.md",
    "plan_hash": "f079c9d359b8816c5103c219dc4daecc2609694c719f5e288297d3452262c924",
    "tracker_hash": "8c9429ecc7f87b299d863c4f46b19607aac7fb4567d10b748b69607094d00ede",
    "synced_at": "2026-08-31T16:07:40.940741+02:00"
  },
  {
    "plan": "plans/2026-08-31-ga-ur1c.3-continuously-reconcile-every-registered-project-into-obsidian.md",
    "plan_hash": "f079c9d359b8816c5103c219dc4daecc2609694c719f5e288297d3452262c924",
    "tracker_hash": "8c9429ecc7f87b299d863c4f46b19607aac7fb4567d10b748b69607094d00ede",
    "synced_at": "2026-08-31T16:10:59.789508+02:00"
  },
  {
    "plan": "plans/2026-08-31-ga-ur1c.3-continuously-reconcile-every-registered-project-into-obsidian.md",
    "plan_hash": "f079c9d359b8816c5103c219dc4daecc2609694c719f5e288297d3452262c924",
    "tracker_hash": "8c9429ecc7f87b299d863c4f46b19607aac7fb4567d10b748b69607094d00ede",
    "synced_at": "2026-08-31T16:11:00.044348+02:00"
  },
  {
    "plan": "plans/2026-08-31-ga-ur1c.3-continuously-reconcile-every-registered-project-into-obsidian.md",
    "plan_hash": "f079c9d359b8816c5103c219dc4daecc2609694c719f5e288297d3452262c924",
    "tracker_hash": "8c9429ecc7f87b299d863c4f46b19607aac7fb4567d10b748b69607094d00ede",
    "synced_at": "2026-08-31T16:11:01.414216+02:00"
  },
  {
    "plan": "plans/2026-08-31-ga-ur1c.3-continuously-reconcile-every-registered-project-into-obsidian.md",
    "plan_hash": "f079c9d359b8816c5103c219dc4daecc2609694c719f5e288297d3452262c924",
    "tracker_hash": "015791217e4365dc314c86027ab45f49b19f78328026bca89a4b4e6fc9754ba5",
    "synced_at": "2026-08-31T16:24:23.042777+02:00"
  },
  {
    "plan": "plans/2026-08-31-ga-ur1c.3-continuously-reconcile-every-registered-project-into-obsidian.md",
    "plan_hash": "f079c9d359b8816c5103c219dc4daecc2609694c719f5e288297d3452262c924",
    "tracker_hash": "015791217e4365dc314c86027ab45f49b19f78328026bca89a4b4e6fc9754ba5",
    "synced_at": "2026-08-31T16:24:23.371463+02:00"
  },
  {
    "plan": "plans/2026-08-31-ga-ur1c.3-continuously-reconcile-every-registered-project-into-obsidian.md",
    "plan_hash": "f079c9d359b8816c5103c219dc4daecc2609694c719f5e288297d3452262c924",
    "tracker_hash": "015791217e4365dc314c86027ab45f49b19f78328026bca89a4b4e6fc9754ba5",
    "synced_at": "2026-08-31T16:24:23.626636+02:00"
  },
  {
    "plan": "plans/2026-08-31-ga-ur1c.3-continuously-reconcile-every-registered-project-into-obsidian.md",
    "plan_hash": "f079c9d359b8816c5103c219dc4daecc2609694c719f5e288297d3452262c924",
    "tracker_hash": "9aa981fed85bf88542257c1c66180309491cba6b6184724e6d9226ced72831c0",
    "synced_at": "2026-08-31T16:48:41.456830+02:00"
  },
  {
    "plan": "plans/2026-08-31-ga-ur1c.3-continuously-reconcile-every-registered-project-into-obsidian.md",
    "plan_hash": "f079c9d359b8816c5103c219dc4daecc2609694c719f5e288297d3452262c924",
    "tracker_hash": "3bd22bd7446e55f532a18966312a85179713d72b289d542ba836c386eb7301b6",
    "synced_at": "2026-08-31T16:49:56.881884+02:00"
  },
  {
    "plan": "plans/2026-08-31-ga-ur1c.3-continuously-reconcile-every-registered-project-into-obsidian.md",
    "plan_hash": "f079c9d359b8816c5103c219dc4daecc2609694c719f5e288297d3452262c924",
    "tracker_hash": "27e2eecfd976841463ab5224f775f320dc305ccac5ecb3a9da830af08a4a2021",
    "synced_at": "2026-08-31T17:08:00.399389+02:00"
  },
  {
    "plan": "plans/2026-08-31-ga-ur1c.3-continuously-reconcile-every-registered-project-into-obsidian.md",
    "plan_hash": "14c07d924493bbee1269dc2e9c8667aff4f30dc5e130c0ec40986a22ee4b66dd",
    "tracker_hash": "71536641fcfc70d451f6331d974017c0cc31cdc32b3e7c96bf934c83c805ea83",
    "synced_at": "2026-08-31T17:22:34.269866+02:00"
  },
  {
    "plan": "plans/2026-08-31-ga-ur1c.3-continuously-reconcile-every-registered-project-into-obsidian.md",
    "plan_hash": "ca281e1469967b75741f107757fb84433ddf11833e98175e908fb28d1cd7004b",
    "tracker_hash": "fee37d8816c4a897370da99f090cc9f3ad3ea66e57359359d9eef8f6e3f786c9",
    "synced_at": "2026-08-31T17:23:07.865430+02:00"
  },
  {
    "plan": "plans/2026-08-31-ga-ur1c.4-enforce-gas-city-delegation-in-managed-projects.md",
    "plan_hash": "0027828a2a56d5755a7332a55d4c43fd1c2fa1aaef9d05867ac3315cfb5830c7",
    "tracker_hash": "5590890dc29a3a68b626b44a8e6736e99485203fc9f9b425a33a72fdd2913201",
    "synced_at": "2026-08-31T17:33:26.640696+02:00"
  },
  {
    "plan": "plans/2026-08-31-ga-ur1c.4-enforce-gas-city-delegation-in-managed-projects.md",
    "plan_hash": "0027828a2a56d5755a7332a55d4c43fd1c2fa1aaef9d05867ac3315cfb5830c7",
    "tracker_hash": "5590890dc29a3a68b626b44a8e6736e99485203fc9f9b425a33a72fdd2913201",
    "synced_at": "2026-08-31T17:41:59.645048+02:00"
  },
  {
    "plan": "plans/2026-08-31-ga-ur1c.4-enforce-gas-city-delegation-in-managed-projects.md",
    "plan_hash": "e0959df160b20982af739aac5fcd63ab104220ee36a9b9b579897bd41aa4e223",
    "tracker_hash": "649e58dd420192ba382f3f82312b8e8ce8afda91bf6be04e301e056234c2d028",
    "synced_at": "2026-08-31T17:43:10.770065+02:00"
  },
  {
    "plan": "plans/2026-08-31-ga-ur1c.4-enforce-gas-city-delegation-in-managed-projects.md",
    "plan_hash": "e0959df160b20982af739aac5fcd63ab104220ee36a9b9b579897bd41aa4e223",
    "tracker_hash": "649e58dd420192ba382f3f82312b8e8ce8afda91bf6be04e301e056234c2d028",
    "synced_at": "2026-08-31T18:01:08.591124+02:00"
  },
  {
    "plan": "plans/2026-08-31-ga-ur1c.4-enforce-gas-city-delegation-in-managed-projects.md",
    "plan_hash": "219353b7cc7ea83a29f64933176bc4a736362649687e0c21551e5ddfd9765f75",
    "tracker_hash": "fed67996c43bf893ae536ae20584c15d86493251571426a21daab2f4e3f6fab8",
    "synced_at": "2026-08-31T18:11:57.124873+02:00"
  },
  {
    "plan": "plans/2026-08-31-ga-ur1c.4-enforce-gas-city-delegation-in-managed-projects.md",
    "plan_hash": "105acb3a9ceb3f0cca30a7323cd714569a95e6717b1bfa4bf7af26a9d0a3e887",
    "tracker_hash": "24793eb450d924de4e0a52018e2e4052fa93cab0e75af4765dbd0a4aa86dbd91",
    "synced_at": "2026-08-31T18:13:16.264350+02:00"
  },
  {
    "plan": "plans/2026-08-31-ga-ur1c.4-enforce-gas-city-delegation-in-managed-projects.md",
    "plan_hash": "105acb3a9ceb3f0cca30a7323cd714569a95e6717b1bfa4bf7af26a9d0a3e887",
    "tracker_hash": "24793eb450d924de4e0a52018e2e4052fa93cab0e75af4765dbd0a4aa86dbd91",
    "synced_at": "2026-08-31T18:26:56.464378+02:00"
  },
  {
    "plan": "plans/2026-08-31-ga-ur1c.4-enforce-gas-city-delegation-in-managed-projects.md",
    "plan_hash": "a01ab8437863f64d4b84507cb26c6b4981bc09b6d91220321a88146a2a798a14",
    "tracker_hash": "7ffb088e6f9d7be6fdf57241d587508e030d9119ee29ba549fa42777fbbfed98",
    "synced_at": "2026-08-31T18:42:33.005447+02:00"
  },
  {
    "plan": "plans/2026-08-31-ga-ur1c.4-enforce-gas-city-delegation-in-managed-projects.md",
    "plan_hash": "a01ab8437863f64d4b84507cb26c6b4981bc09b6d91220321a88146a2a798a14",
    "tracker_hash": "7ffb088e6f9d7be6fdf57241d587508e030d9119ee29ba549fa42777fbbfed98",
    "synced_at": "2026-08-31T18:42:46.847834+02:00"
  },
  {
    "plan": "plans/2026-08-31-ga-ur1c.4-enforce-gas-city-delegation-in-managed-projects.md",
    "plan_hash": "a01ab8437863f64d4b84507cb26c6b4981bc09b6d91220321a88146a2a798a14",
    "tracker_hash": "d7826bd37e9801ad92d944929bba365178c41f36c32742e7ce1c554258729e30",
    "synced_at": "2026-08-31T18:43:42.940131+02:00"
  },
  {
    "plan": "plans/2026-08-31-ga-ur1c.4.1-transactionally-prove-managed-codex-delegation-denial.md",
    "plan_hash": "a84adffcc317dd74eb31544adcf7d2c7d89083957872dcc2ffb8a90bd37c9ad4",
    "tracker_hash": "48ae41931d26ef46dadb50cab5dae46ae10e3555cec6ae1378e0abd256c9419e",
    "synced_at": "2026-08-31T19:43:05.030440+02:00"
  },
  {
    "plan": "plans/2026-08-31-ga-ur1c.4.1-transactionally-prove-managed-codex-delegation-denial.md",
    "plan_hash": "724ae71d6ca999356748655479e29b78188eaa153c99bb3b3c9970eb04fa8540",
    "tracker_hash": "9d3aa441be891802ea6f3846cd226fe2bc9917587493fd9587b3df3db55621af",
    "synced_at": "2026-08-31T19:57:52.112892+02:00"
  },
  {
    "plan": "plans/2026-08-31-ga-ur1c.4.1-transactionally-prove-managed-codex-delegation-denial.md",
    "plan_hash": "724ae71d6ca999356748655479e29b78188eaa153c99bb3b3c9970eb04fa8540",
    "tracker_hash": "9d3aa441be891802ea6f3846cd226fe2bc9917587493fd9587b3df3db55621af",
    "synced_at": "2026-08-31T20:00:50.968558+02:00"
  },
  {
    "plan": "plans/2026-08-31-ga-ur1c.4.1-transactionally-prove-managed-codex-delegation-denial.md",
    "plan_hash": "724ae71d6ca999356748655479e29b78188eaa153c99bb3b3c9970eb04fa8540",
    "tracker_hash": "5e291c6dd4638640d7517feb59c8ebd67a4387268eff68ccaf6837b6c8d72ee3",
    "synced_at": "2026-08-31T20:31:58.871253+02:00"
  },
  {
    "plan": "plans/2026-08-31-ga-ur1c.4.1-transactionally-prove-managed-codex-delegation-denial.md",
    "plan_hash": "724ae71d6ca999356748655479e29b78188eaa153c99bb3b3c9970eb04fa8540",
    "tracker_hash": "5e291c6dd4638640d7517feb59c8ebd67a4387268eff68ccaf6837b6c8d72ee3",
    "synced_at": "2026-08-31T20:32:34.905229+02:00"
  },
  {
    "plan": "plans/2026-08-31-ga-ur1c.4.1-transactionally-prove-managed-codex-delegation-denial.md",
    "plan_hash": "724ae71d6ca999356748655479e29b78188eaa153c99bb3b3c9970eb04fa8540",
    "tracker_hash": "5e291c6dd4638640d7517feb59c8ebd67a4387268eff68ccaf6837b6c8d72ee3",
    "synced_at": "2026-08-31T20:32:35.550527+02:00"
  },
  {
    "plan": "plans/2026-08-31-ga-ur1c.4.1-transactionally-prove-managed-codex-delegation-denial.md",
    "plan_hash": "724ae71d6ca999356748655479e29b78188eaa153c99bb3b3c9970eb04fa8540",
    "tracker_hash": "5e291c6dd4638640d7517feb59c8ebd67a4387268eff68ccaf6837b6c8d72ee3",
    "synced_at": "2026-08-31T20:34:00.798797+02:00"
  },
  {
    "plan": "plans/2026-08-31-ga-ob3l-obsidian-cycle-consistency.md",
    "plan_hash": "152e1213fc73ef7849af68ce497a4b7af8c20371b064a4f28be801273cb47578",
    "tracker_hash": "be3e36f4da026d4dcd4ecd5893aefaf552b5cfe6abd8b3d85eb449fcf5a8a624",
    "synced_at": "2026-08-31T20:41:03.694406+02:00"
  },
  {
    "plan": "plans/2026-08-31-ga-ob3l-obsidian-cycle-consistency.md",
    "plan_hash": "d62faa424f8ba427e13d344483c8ecc64a7204eae7495ad44e7fe7d62d33d859",
    "tracker_hash": "bbba621c99ded1116f1c122e94e31e8093c1071e0ec715cba4764d6981076b30",
    "synced_at": "2026-08-31T20:53:57.539644+02:00"
  },
  {
    "plan": "plans/2026-08-31-ga-ob3l-obsidian-cycle-consistency.md",
    "plan_hash": "d04c329bfff032476ac4a94975f76e09197eccc77127df5c51bc3ffbca966b87",
    "tracker_hash": "271e25b435a8d837673bc6d9f1939f0ce8a4927237c29d77671d3446357a114b",
    "synced_at": "2026-08-31T22:05:18.689442+02:00"
  },
  {
    "plan": "plans/2026-08-31-ga-ob3l-obsidian-cycle-consistency.md",
    "plan_hash": "d04c329bfff032476ac4a94975f76e09197eccc77127df5c51bc3ffbca966b87",
    "tracker_hash": "271e25b435a8d837673bc6d9f1939f0ce8a4927237c29d77671d3446357a114b",
    "synced_at": "2026-08-31T22:05:51.155134+02:00"
  },
  {
    "plan": "plans/2026-08-31-ga-ob3l-obsidian-cycle-consistency.md",
    "plan_hash": "d04c329bfff032476ac4a94975f76e09197eccc77127df5c51bc3ffbca966b87",
    "tracker_hash": "84ad1326c3acfb9364c5a9980759d07407247e7776e43a5a6aa88f5f6ad59f8b",
    "synced_at": "2026-08-31T22:07:22.374124+02:00"
  },
  {
    "plan": "plans/2026-08-31-ga-35mj-exclude-closed-work-from-continuity-current-view.md",
    "plan_hash": "6650db37e75bce3cad5475ced326e15c82cd182f69814ebb405a6afb5f1087c4",
    "tracker_hash": "92dae9241daddec80c55d2a3d18a75f928623f42da37c443b2f3a0763088dc77",
    "synced_at": "2026-08-31T22:17:46.973622+02:00"
  },
  {
    "plan": "plans/2026-08-31-ga-35mj-exclude-closed-work-from-continuity-current-view.md",
    "plan_hash": "6650db37e75bce3cad5475ced326e15c82cd182f69814ebb405a6afb5f1087c4",
    "tracker_hash": "92dae9241daddec80c55d2a3d18a75f928623f42da37c443b2f3a0763088dc77",
    "synced_at": "2026-08-31T22:19:36.143667+02:00"
  },
  {
    "plan": "plans/2026-08-31-ga-35mj-exclude-closed-work-from-continuity-current-view.md",
    "plan_hash": "6650db37e75bce3cad5475ced326e15c82cd182f69814ebb405a6afb5f1087c4",
    "tracker_hash": "92dae9241daddec80c55d2a3d18a75f928623f42da37c443b2f3a0763088dc77",
    "synced_at": "2026-08-31T22:19:45.580943+02:00"
  },
  {
    "plan": "plans/2026-08-31-ga-35mj-exclude-closed-work-from-continuity-current-view.md",
    "plan_hash": "aaeabd5460f32213b079098959ec409c9b596727c50ec5fc6fc2dc8f35d89287",
    "tracker_hash": "12b69c4b4ba0ddb6658abfc5c539d61257778ea1fe8f3753af834d8a2dc8b1d4",
    "synced_at": "2026-08-31T22:20:10.609652+02:00"
  },
  {
    "plan": "plans/2026-08-31-ga-35mj-exclude-closed-work-from-continuity-current-view.md",
    "plan_hash": "a7703333c86207860f3be39e0de9e595a0500f91dfbee6b3661da9f54af805ed",
    "tracker_hash": "34c01c2fb1aa2c90f258b342dcd8b69cbefdcda803b43a7fe309fdf7602f49be",
    "synced_at": "2026-08-31T22:20:45.767234+02:00"
  },
  {
    "plan": "plans/2026-08-31-ga-35mj-exclude-closed-work-from-continuity-current-view.md",
    "plan_hash": "a7703333c86207860f3be39e0de9e595a0500f91dfbee6b3661da9f54af805ed",
    "tracker_hash": "34c01c2fb1aa2c90f258b342dcd8b69cbefdcda803b43a7fe309fdf7602f49be",
    "synced_at": "2026-08-31T22:20:46.068377+02:00"
  },
  {
    "plan": "plans/2026-08-31-ga-35mj-exclude-closed-work-from-continuity-current-view.md",
    "plan_hash": "a7703333c86207860f3be39e0de9e595a0500f91dfbee6b3661da9f54af805ed",
    "tracker_hash": "0b3c6cc04cd21de5e77a4beb36424de29d2a1d3f06dea9f54db9c90b64248143",
    "synced_at": "2026-08-31T22:21:31.124807+02:00"
  },
  {
    "plan": "plans/2026-08-31-ga-35mj-exclude-closed-work-from-continuity-current-view.md",
    "plan_hash": "a7703333c86207860f3be39e0de9e595a0500f91dfbee6b3661da9f54af805ed",
    "tracker_hash": "0b3c6cc04cd21de5e77a4beb36424de29d2a1d3f06dea9f54db9c90b64248143",
    "synced_at": "2026-08-31T22:21:31.445262+02:00"
  },
  {
    "plan": "plans/2026-08-31-ga-35mj-exclude-closed-work-from-continuity-current-view.md",
    "plan_hash": "a7703333c86207860f3be39e0de9e595a0500f91dfbee6b3661da9f54af805ed",
    "tracker_hash": "0b3c6cc04cd21de5e77a4beb36424de29d2a1d3f06dea9f54db9c90b64248143",
    "synced_at": "2026-08-31T22:21:56.689309+02:00"
  },
  {
    "plan": "plans/2026-08-31-ga-35mj-exclude-closed-work-from-continuity-current-view.md",
    "plan_hash": "768007394b0eb98a85f64ec5a9bb4052acc5bf758372278ca3f2e4f9f308c930",
    "tracker_hash": "b16923a8bc5d869e2e3bb27c6415d4d9a93ca90c816d0c43e8d8c9f933d7db4f",
    "synced_at": "2026-08-31T23:06:32.788401+02:00"
  },
  {
    "plan": "plans/2026-08-31-ga-35mj-exclude-closed-work-from-continuity-current-view.md",
    "plan_hash": "79f59aa98deb1e9f6618d9b3c50c6e9f2864d3e696df23942ec13b660243e85d",
    "tracker_hash": "4162176855e227b35ca85a99cdd97dbddfe85c405ba48d417b7c6a7274ea040e",
    "synced_at": "2026-08-31T23:09:06.571506+02:00"
  },
  {
    "plan": "plans/2026-08-31-ga-35mj-exclude-closed-work-from-continuity-current-view.md",
    "plan_hash": "79f59aa98deb1e9f6618d9b3c50c6e9f2864d3e696df23942ec13b660243e85d",
    "tracker_hash": "4162176855e227b35ca85a99cdd97dbddfe85c405ba48d417b7c6a7274ea040e",
    "synced_at": "2026-08-31T23:09:07.390022+02:00"
  },
  {
    "plan": "plans/2026-08-31-ga-ob3l-obsidian-cycle-consistency.md",
    "plan_hash": "941e6c514bd06d4dd7f9c3561b1d8fcd92418de677addfdc651cfa87c44ca224",
    "tracker_hash": "2dbf1f848461549c0468c4457976b6120818fa11c8699584f010e6d30de11c64",
    "synced_at": "2026-09-01T10:08:41.584704+02:00"
  },
  {
    "plan": "plans/2026-08-31-ga-ob3l-obsidian-cycle-consistency.md",
    "plan_hash": "941e6c514bd06d4dd7f9c3561b1d8fcd92418de677addfdc651cfa87c44ca224",
    "tracker_hash": "2dbf1f848461549c0468c4457976b6120818fa11c8699584f010e6d30de11c64",
    "synced_at": "2026-09-01T10:09:28.506860+02:00"
  },
  {
    "plan": "plans/2026-08-31-ga-ob3l-obsidian-cycle-consistency.md",
    "plan_hash": "941e6c514bd06d4dd7f9c3561b1d8fcd92418de677addfdc651cfa87c44ca224",
    "tracker_hash": "2dbf1f848461549c0468c4457976b6120818fa11c8699584f010e6d30de11c64",
    "synced_at": "2026-09-01T10:12:07.606059+02:00"
  },
  {
    "plan": "plans/2026-08-31-ga-ob3l-obsidian-cycle-consistency.md",
    "plan_hash": "941e6c514bd06d4dd7f9c3561b1d8fcd92418de677addfdc651cfa87c44ca224",
    "tracker_hash": "542b8b34b55b5e93499b8e303d7bf1760edb0cdc6ab4b17bbf71fdfbb78f9fe0",
    "synced_at": "2026-09-01T10:17:45.997202+02:00"
  },
  {
    "plan": "plans/2026-08-31-ga-ob3l-obsidian-cycle-consistency.md",
    "plan_hash": "941e6c514bd06d4dd7f9c3561b1d8fcd92418de677addfdc651cfa87c44ca224",
    "tracker_hash": "542b8b34b55b5e93499b8e303d7bf1760edb0cdc6ab4b17bbf71fdfbb78f9fe0",
    "synced_at": "2026-09-01T10:17:46.299237+02:00"
  },
  {
    "plan": "plans/2026-08-31-ga-ob3l-obsidian-cycle-consistency.md",
    "plan_hash": "941e6c514bd06d4dd7f9c3561b1d8fcd92418de677addfdc651cfa87c44ca224",
    "tracker_hash": "542b8b34b55b5e93499b8e303d7bf1760edb0cdc6ab4b17bbf71fdfbb78f9fe0",
    "synced_at": "2026-09-01T10:18:37.151076+02:00"
  },
  {
    "plan": "plans/2026-08-31-ga-ob3l-obsidian-cycle-consistency.md",
    "plan_hash": "941e6c514bd06d4dd7f9c3561b1d8fcd92418de677addfdc651cfa87c44ca224",
    "tracker_hash": "542b8b34b55b5e93499b8e303d7bf1760edb0cdc6ab4b17bbf71fdfbb78f9fe0",
    "synced_at": "2026-09-01T10:19:45.309993+02:00"
  },
  {
    "plan": "plans/2026-08-31-ga-ob3l-obsidian-cycle-consistency.md",
    "plan_hash": "941e6c514bd06d4dd7f9c3561b1d8fcd92418de677addfdc651cfa87c44ca224",
    "tracker_hash": "542b8b34b55b5e93499b8e303d7bf1760edb0cdc6ab4b17bbf71fdfbb78f9fe0",
    "synced_at": "2026-09-01T10:32:04.118250+02:00"
  },
  {
    "plan": "plans/2026-08-31-ga-ob3l-obsidian-cycle-consistency.md",
    "plan_hash": "941e6c514bd06d4dd7f9c3561b1d8fcd92418de677addfdc651cfa87c44ca224",
    "tracker_hash": "542b8b34b55b5e93499b8e303d7bf1760edb0cdc6ab4b17bbf71fdfbb78f9fe0",
    "synced_at": "2026-09-01T10:38:31.669044+02:00"
  },
  {
    "plan": "plans/2026-08-31-ga-ob3l-obsidian-cycle-consistency.md",
    "plan_hash": "941e6c514bd06d4dd7f9c3561b1d8fcd92418de677addfdc651cfa87c44ca224",
    "tracker_hash": "542b8b34b55b5e93499b8e303d7bf1760edb0cdc6ab4b17bbf71fdfbb78f9fe0",
    "synced_at": "2026-09-01T10:38:31.939472+02:00"
  },
  {
    "plan": "plans/2026-08-31-ga-ob3l-obsidian-cycle-consistency.md",
    "plan_hash": "941e6c514bd06d4dd7f9c3561b1d8fcd92418de677addfdc651cfa87c44ca224",
    "tracker_hash": "2ecf5500cbf725a09579f83f23c62a253f32e38279dc9727bcb7cd57b55f698e",
    "synced_at": "2026-09-01T10:40:31.614950+02:00"
  },
  {
    "plan": "plans/2026-08-31-ga-ob3l-obsidian-cycle-consistency.md",
    "plan_hash": "941e6c514bd06d4dd7f9c3561b1d8fcd92418de677addfdc651cfa87c44ca224",
    "tracker_hash": "2ecf5500cbf725a09579f83f23c62a253f32e38279dc9727bcb7cd57b55f698e",
    "synced_at": "2026-09-01T10:40:31.942422+02:00"
  },
  {
    "plan": "plans/2026-08-31-ga-ur1c.4.1-transactionally-prove-managed-codex-delegation-denial.md",
    "plan_hash": "724ae71d6ca999356748655479e29b78188eaa153c99bb3b3c9970eb04fa8540",
    "tracker_hash": "c13f11aa631ea6e16aede62741be5a0346e642541f9a933ced4a271d65322a8a",
    "synced_at": "2026-09-01T11:16:10.139203+02:00"
  },
  {
    "plan": "plans/2026-08-31-ga-ur1c.4.1-transactionally-prove-managed-codex-delegation-denial.md",
    "plan_hash": "724ae71d6ca999356748655479e29b78188eaa153c99bb3b3c9970eb04fa8540",
    "tracker_hash": "c13f11aa631ea6e16aede62741be5a0346e642541f9a933ced4a271d65322a8a",
    "synced_at": "2026-09-01T11:16:23.460530+02:00"
  },
  {
    "plan": "plans/2026-08-31-ga-ur1c.4.1-transactionally-prove-managed-codex-delegation-denial.md",
    "plan_hash": "724ae71d6ca999356748655479e29b78188eaa153c99bb3b3c9970eb04fa8540",
    "tracker_hash": "8d058c8a416950c7f0f50bfe702826be067d4c96f6248afecb58805d75cdd067",
    "synced_at": "2026-09-01T11:17:08.724434+02:00"
  },
  {
    "plan": "plans/2026-08-31-ga-ur1c.4.1-transactionally-prove-managed-codex-delegation-denial.md",
    "plan_hash": "724ae71d6ca999356748655479e29b78188eaa153c99bb3b3c9970eb04fa8540",
    "tracker_hash": "828a388d68a5866266bef8f8c894a6b4a6371773eb2972687ea52b2a4ccdddcb",
    "synced_at": "2026-09-01T11:17:37.059981+02:00"
  },
  {
    "plan": "plans/2026-08-31-ga-ur1c.4.1-transactionally-prove-managed-codex-delegation-denial.md",
    "plan_hash": "724ae71d6ca999356748655479e29b78188eaa153c99bb3b3c9970eb04fa8540",
    "tracker_hash": "828a388d68a5866266bef8f8c894a6b4a6371773eb2972687ea52b2a4ccdddcb",
    "synced_at": "2026-09-01T11:18:15.587327+02:00"
  },
  {
    "plan": "plans/2026-08-31-ga-ur1c.4.1-transactionally-prove-managed-codex-delegation-denial.md",
    "plan_hash": "724ae71d6ca999356748655479e29b78188eaa153c99bb3b3c9970eb04fa8540",
    "tracker_hash": "44cc3bff2adb221b5ac734bcbce144943e8b0f73d4be369a5333e8c5411c1279",
    "synced_at": "2026-09-01T11:35:26.285254+02:00"
  },
  {
    "plan": "plans/2026-08-31-ga-ur1c.4.1-transactionally-prove-managed-codex-delegation-denial.md",
    "plan_hash": "67645586b5ba44ca2fa5d786e9942e487df8d2d2bdd51fd91febdaea0cf7fd52",
    "tracker_hash": "44cc3bff2adb221b5ac734bcbce144943e8b0f73d4be369a5333e8c5411c1279",
    "synced_at": "2026-09-01T11:36:17.550817+02:00"
  },
  {
    "plan": "plans/2026-08-31-ga-ur1c.4.1-transactionally-prove-managed-codex-delegation-denial.md",
    "plan_hash": "67645586b5ba44ca2fa5d786e9942e487df8d2d2bdd51fd91febdaea0cf7fd52",
    "tracker_hash": "18d21650ae6832d109ae614a675bc22c94f3ea5838257ef99136de417e80b0c2",
    "synced_at": "2026-09-01T11:43:06.443514+02:00"
  },
  {
    "plan": "plans/2026-08-31-ga-ur1c.4.1-transactionally-prove-managed-codex-delegation-denial.md",
    "plan_hash": "90ccca9758c3a28fbc6a3d599462d50896b4f3396a3f85f08a534b768750cd34",
    "tracker_hash": "94b95e2a2834d46fae584283ad89fa26b875041db3f4cfb4d92636e82304a4cc",
    "synced_at": "2026-09-01T11:53:56.271487+02:00"
  },
  {
    "plan": "plans/2026-08-31-ga-ur1c.4.1-transactionally-prove-managed-codex-delegation-denial.md",
    "plan_hash": "ad8697d47dbc01e24189d46cf9cf8cb35a165326105a60eac6ef51b210954416",
    "tracker_hash": "8f8870f23bb8fa51711edfded5d795b731f56a4286b4be31d5d48382447ee2e6",
    "synced_at": "2026-09-01T11:53:57.176147+02:00"
  },
  {
    "plan": "plans/2026-08-31-ga-35mj-exclude-closed-work-from-continuity-current-view.md",
    "plan_hash": "79f59aa98deb1e9f6618d9b3c50c6e9f2864d3e696df23942ec13b660243e85d",
    "tracker_hash": "25b74b5ac5492d5ef1d7f21450c7e0c07c69dea1ad58fdfffe56a256931a7863",
    "synced_at": "2026-09-01T12:06:15.613625+02:00"
  },
  {
    "plan": "plans/2026-08-31-ga-35mj-exclude-closed-work-from-continuity-current-view.md",
    "plan_hash": "79f59aa98deb1e9f6618d9b3c50c6e9f2864d3e696df23942ec13b660243e85d",
    "tracker_hash": "05b4415c13008812eaa4b66d16841a88a3a7b39e449654669bf9a77b32b1eba3",
    "synced_at": "2026-09-01T12:15:56.212002+02:00"
  },
  {
    "plan": "plans/2026-08-31-ga-35mj-exclude-closed-work-from-continuity-current-view.md",
    "plan_hash": "79f59aa98deb1e9f6618d9b3c50c6e9f2864d3e696df23942ec13b660243e85d",
    "tracker_hash": "05b4415c13008812eaa4b66d16841a88a3a7b39e449654669bf9a77b32b1eba3",
    "synced_at": "2026-09-01T12:16:54.666930+02:00"
  },
  {
    "plan": "plans/2026-08-31-ga-35mj-exclude-closed-work-from-continuity-current-view.md",
    "plan_hash": "32f41d8e70c5a2d619009102396db5f85c9a58f3c8eef764aa3ed6633ce2f67c",
    "tracker_hash": "05b4415c13008812eaa4b66d16841a88a3a7b39e449654669bf9a77b32b1eba3",
    "synced_at": "2026-09-01T12:34:03.780929+02:00"
  },
  {
    "plan": "plans/2026-08-31-ga-35mj-exclude-closed-work-from-continuity-current-view.md",
    "plan_hash": "e387417d12ec2508840869e91bb09f61e6938de9379a67b77433ae4664c27013",
    "tracker_hash": "c02eaba36083ef7079f2915369cb39c5cdf2a2f8f0975c73b0d859a76e2a501c",
    "synced_at": "2026-09-01T12:34:29.742771+02:00"
  },
  {
    "plan": "plans/2026-08-31-ga-35mj-exclude-closed-work-from-continuity-current-view.md",
    "plan_hash": "e387417d12ec2508840869e91bb09f61e6938de9379a67b77433ae4664c27013",
    "tracker_hash": "c02eaba36083ef7079f2915369cb39c5cdf2a2f8f0975c73b0d859a76e2a501c",
    "synced_at": "2026-09-01T12:47:32.102558+02:00"
  },
  {
    "plan": "plans/2026-09-01-ga-ur1c.6.3-source-closeout-continuation.md",
    "plan_hash": "8f60427dd30c6943d9e5fe018e91c0ff6dec23f306f75e7f855d996104b19cf1",
    "tracker_hash": "f599573322fc1748932873454dd3d22ad7bc65f9b533a81fbecf2abff6b22249",
    "synced_at": "2026-09-01T13:01:08.622737+02:00"
  },
  {
    "plan": "plans/2026-09-01-ga-ur1c.6.3-source-closeout-continuation.md",
    "plan_hash": "1bada1a42dab71f5490dac24b0e6e939b6cb987eab428c3230d97268279cc5ff",
    "tracker_hash": "993ff13057c518052b1bb117f7cc0c5063ed893843b50ee91c8c57c79479b7f7",
    "synced_at": "2026-09-01T13:04:54.147384+02:00"
  },
  {
    "plan": "plans/2026-09-01-ga-ur1c.6.3-source-closeout-continuation.md",
    "plan_hash": "1bada1a42dab71f5490dac24b0e6e939b6cb987eab428c3230d97268279cc5ff",
    "tracker_hash": "993ff13057c518052b1bb117f7cc0c5063ed893843b50ee91c8c57c79479b7f7",
    "synced_at": "2026-09-01T13:04:54.453642+02:00"
  },
  {
    "plan": "plans/2026-09-01-ga-ur1c.6.3-source-closeout-continuation.md",
    "plan_hash": "1bada1a42dab71f5490dac24b0e6e939b6cb987eab428c3230d97268279cc5ff",
    "tracker_hash": "993ff13057c518052b1bb117f7cc0c5063ed893843b50ee91c8c57c79479b7f7",
    "synced_at": "2026-09-01T13:11:44.628130+02:00"
  },
  {
    "plan": "plans/2026-09-01-ga-ur1c.6.3-source-closeout-continuation.md",
    "plan_hash": "1bada1a42dab71f5490dac24b0e6e939b6cb987eab428c3230d97268279cc5ff",
    "tracker_hash": "993ff13057c518052b1bb117f7cc0c5063ed893843b50ee91c8c57c79479b7f7",
    "synced_at": "2026-09-01T13:11:44.872039+02:00"
  },
  {
    "plan": "plans/2026-09-01-ga-ur1c.6.3-source-closeout-continuation.md",
    "plan_hash": "1bada1a42dab71f5490dac24b0e6e939b6cb987eab428c3230d97268279cc5ff",
    "tracker_hash": "993ff13057c518052b1bb117f7cc0c5063ed893843b50ee91c8c57c79479b7f7",
    "synced_at": "2026-09-01T13:16:02.069099+02:00"
  },
  {
    "plan": "plans/2026-09-01-ga-ur1c.6.3-source-closeout-continuation.md",
    "plan_hash": "1bada1a42dab71f5490dac24b0e6e939b6cb987eab428c3230d97268279cc5ff",
    "tracker_hash": "993ff13057c518052b1bb117f7cc0c5063ed893843b50ee91c8c57c79479b7f7",
    "synced_at": "2026-09-01T13:16:16.748896+02:00"
  },
  {
    "plan": "plans/2026-09-01-ga-ur1c.6.3-source-closeout-continuation.md",
    "plan_hash": "1bada1a42dab71f5490dac24b0e6e939b6cb987eab428c3230d97268279cc5ff",
    "tracker_hash": "5b4dc980a9346e53aed8f66dd05053d6dc4c283ef25c476f0cb1fa09f4519557",
    "synced_at": "2026-09-01T13:23:03.893895+02:00"
  },
  {
    "plan": "plans/2026-09-01-ga-ur1c.6.3-source-closeout-continuation.md",
    "plan_hash": "7fdb83c71c07c7afb33fa0a91335cdac73470c950b98695b0e75da41d8778978",
    "tracker_hash": "0a2172cb6d2b138865ba86d07eca5058f1ab10a81ce3da0a91e53509f959603d",
    "synced_at": "2026-09-01T13:23:26.799995+02:00"
  },
  {
    "plan": "plans/2026-09-01-ga-ur1c.6.3-source-closeout-continuation.md",
    "plan_hash": "7fdb83c71c07c7afb33fa0a91335cdac73470c950b98695b0e75da41d8778978",
    "tracker_hash": "0a2172cb6d2b138865ba86d07eca5058f1ab10a81ce3da0a91e53509f959603d",
    "synced_at": "2026-09-01T13:24:20.217107+02:00"
  },
  {
    "plan": "plans/2026-09-01-ga-ur1c.6.4-obsidian-cycle-stability.md",
    "plan_hash": "b306debe62f20ef1a37abf4cfbf428b347b867405e4d8d56800367ce969c2ed5",
    "tracker_hash": "1da5e23788c4f799b1115e78cda55eb7474ae00f0234a452cc820165f6e432ab",
    "synced_at": "2026-09-01T13:33:56.610959+02:00"
  },
  {
    "plan": "plans/2026-09-01-ga-ur1c.6.4-obsidian-cycle-stability.md",
    "plan_hash": "f89f62f3575eaa4e832518c2d9de18ad5d741fd8343ac727a08e3693c8079299",
    "tracker_hash": "76974901eee5248e0a0e3af369f67c21436e6f433eb116b846a44a888e7909d5",
    "synced_at": "2026-09-01T13:55:02.571238+02:00"
  },
  {
    "plan": "plans/2026-09-01-ga-ur1c.6.4-obsidian-cycle-stability.md",
    "plan_hash": "35802fc85db8576e9ac05480a9e4f4aeb29c84188f2a724380955b1291d03868",
    "tracker_hash": "76974901eee5248e0a0e3af369f67c21436e6f433eb116b846a44a888e7909d5",
    "synced_at": "2026-09-01T13:55:40.301048+02:00"
  },
  {
    "plan": "plans/2026-09-01-ga-ur1c.6.4-obsidian-cycle-stability.md",
    "plan_hash": "35802fc85db8576e9ac05480a9e4f4aeb29c84188f2a724380955b1291d03868",
    "tracker_hash": "76974901eee5248e0a0e3af369f67c21436e6f433eb116b846a44a888e7909d5",
    "synced_at": "2026-09-01T13:55:58.019443+02:00"
  },
  {
    "plan": "plans/2026-09-01-ga-ur1c.6.4-obsidian-cycle-stability.md",
    "plan_hash": "513e81b93b0eee1aa6a8f74aaf3d400b9d1bf42c7cf8b50d54144b0bb04d52c2",
    "tracker_hash": "a9cd6311f5cc278728395127d400f7cf1bf326f68d967d580b6e547360de41ef",
    "synced_at": "2026-09-01T14:24:54.270646+02:00"
  },
  {
    "plan": "plans/2026-09-01-ga-ur1c.6.4-obsidian-cycle-stability.md",
    "plan_hash": "47918f0eac94b7aa6b49ba95c47cf62796ca132114c22a91a7f859e6b4a1cde5",
    "tracker_hash": "3a28f6ac26a47726cb253f2b4eb116b67971c6e0315dec26a360897d7b51d280",
    "synced_at": "2026-09-01T14:58:30.851719+02:00"
  },
  {
    "plan": "plans/2026-09-01-ga-ur1c.6.4-obsidian-cycle-stability.md",
    "plan_hash": "47918f0eac94b7aa6b49ba95c47cf62796ca132114c22a91a7f859e6b4a1cde5",
    "tracker_hash": "b042fd78c5d2c26f6529bcef34ae23b914466901cd4fca6d81456a672a3e571e",
    "synced_at": "2026-09-01T15:17:33.488410+02:00"
  },
  {
    "plan": "plans/2026-09-01-ga-ur1c.6.4-obsidian-cycle-stability.md",
    "plan_hash": "47918f0eac94b7aa6b49ba95c47cf62796ca132114c22a91a7f859e6b4a1cde5",
    "tracker_hash": "e307ba23e91a0a62822b0e26c4bd6fb3f138612af4cfa4f750ff99c70c20c413",
    "synced_at": "2026-09-01T15:28:15.923646+02:00"
  },
  {
    "plan": "plans/2026-09-01-ga-ur1c.6.4-obsidian-cycle-stability.md",
    "plan_hash": "47918f0eac94b7aa6b49ba95c47cf62796ca132114c22a91a7f859e6b4a1cde5",
    "tracker_hash": "e307ba23e91a0a62822b0e26c4bd6fb3f138612af4cfa4f750ff99c70c20c413",
    "synced_at": "2026-09-01T16:04:10.143018+02:00"
  },
  {
    "plan": "plans/2026-09-01-ga-ur1c.6.4-obsidian-cycle-stability.md",
    "plan_hash": "518dfbe600646df00fca5b7a35b1a618b6257ef6185346f191964d56908f5a54",
    "tracker_hash": "08fccef07901d3bd7c97fd37641bff6c95114390b4857c52b63f800583c5ed20",
    "synced_at": "2026-09-01T16:10:42.828320+02:00"
  },
  {
    "plan": "plans/2026-09-01-ga-ur1c.6.4-obsidian-cycle-stability.md",
    "plan_hash": "4af9dd5cde15e1ed4fe4021730a5afe73bab5796aaf95fcceb3ca3a3a89bcd11",
    "tracker_hash": "69b5eefe337534f104a27503ed6880448558704dc266532db744ff651c8f53f9",
    "synced_at": "2026-09-01T16:19:55.993120+02:00"
  },
  {
    "plan": "plans/2026-09-01-ga-ur1c.6.5-runtime-residue-audit.md",
    "plan_hash": "d20b5be51c785d4825f3cd8ef2440ff29f61f0848fb72d36fa86ff7073f675e4",
    "tracker_hash": "89992dfdf8fde9c1b7f325e242227dbeb686704b9cdf25f16bb09fd33ad24f77",
    "synced_at": "2026-09-01T17:04:39.902022+02:00"
  },
  {
    "plan": "plans/2026-09-01-ga-ur1c.6.5-runtime-residue-audit.md",
    "plan_hash": "d20b5be51c785d4825f3cd8ef2440ff29f61f0848fb72d36fa86ff7073f675e4",
    "tracker_hash": "89992dfdf8fde9c1b7f325e242227dbeb686704b9cdf25f16bb09fd33ad24f77",
    "synced_at": "2026-09-01T17:04:50.921437+02:00"
  },
  {
    "plan": "plans/2026-09-01-ga-ur1c.6.5-runtime-residue-audit.md",
    "plan_hash": "d20b5be51c785d4825f3cd8ef2440ff29f61f0848fb72d36fa86ff7073f675e4",
    "tracker_hash": "89992dfdf8fde9c1b7f325e242227dbeb686704b9cdf25f16bb09fd33ad24f77",
    "synced_at": "2026-09-01T17:10:41.119980+02:00"
  },
  {
    "plan": "plans/2026-09-01-ga-ur1c.6.5-runtime-residue-audit.md",
    "plan_hash": "c5da12b897f29bcca4c280932eb18f8b72449a6054b931b6f93f7cf1444252df",
    "tracker_hash": "e1c7f81046ab1f69a7383e0a6d0917cad68c0a89f11a458ae042e0eb005e5297",
    "synced_at": "2026-09-01T17:11:28.938031+02:00"
  },
  {
    "plan": "plans/2026-09-01-ga-ur1c.6.5-runtime-residue-audit.md",
    "plan_hash": "c5da12b897f29bcca4c280932eb18f8b72449a6054b931b6f93f7cf1444252df",
    "tracker_hash": "e1c7f81046ab1f69a7383e0a6d0917cad68c0a89f11a458ae042e0eb005e5297",
    "synced_at": "2026-09-01T21:37:48.213752+02:00"
  },
  {
    "plan": "plans/2026-09-01-ga-ur1c.6.5-runtime-residue-audit.md",
    "plan_hash": "de6ef7f13a85e859d39c76c219c0fe6532eb58afd347d8ad1fd33c83337bf281",
    "tracker_hash": "bd230f0d351e75f02da06504de143d7af3c5f17c575ba598fc0a8b084f8e8aa1",
    "synced_at": "2026-09-01T21:56:55.789488+02:00"
  },
  {
    "plan": "plans/2026-09-01-ga-ur1c.6.5-runtime-residue-audit.md",
    "plan_hash": "55ac3dd2426320c65ac387ba539259d6554e0c0021303b3abb5993eb5585cb43",
    "tracker_hash": "721898965f1685abcc1b93640d6afd95c70e52b4f796401cd27e89bfd0f0b49e",
    "synced_at": "2026-09-01T22:04:05.531397+02:00"
  },
  {
    "plan": "plans/2026-09-01-ga-ur1c.6.5-runtime-residue-audit.md",
    "plan_hash": "55ac3dd2426320c65ac387ba539259d6554e0c0021303b3abb5993eb5585cb43",
    "tracker_hash": "09415fd9432d0ff57ca0af4e1f08db0aed1cc11c648bb017864b96454ea1a466",
    "synced_at": "2026-09-01T22:14:05.390607+02:00"
  },
  {
    "plan": "plans/2026-09-01-ga-ur1c.6.5-runtime-residue-audit.md",
    "plan_hash": "4acae1c27bd822eb2dc1ab93ce8c346ec5f79ae6c2adea0d04f02bda0982ed01",
    "tracker_hash": "920ab8464cd940a02b4a6de33ad41bd4f24946e256fb404de2d65dba0438dda8",
    "synced_at": "2026-09-01T22:14:18.202499+02:00"
  },
  {
    "plan": "plans/2026-09-01-ga-ur1c.4.2-delegation-test-lint.md",
    "plan_hash": "701f85216b21dac8f1525da772ee2810e5def08f6f92be3220cd09532440143b",
    "tracker_hash": "a913172547305608455d942b82c430a3eb7d7043d757014c8bd3da00afa9c3bf",
    "synced_at": "2026-09-01T22:35:23.940012+02:00"
  },
  {
    "plan": "plans/2026-09-01-ga-ur1c.4.2-delegation-test-lint.md",
    "plan_hash": "701f85216b21dac8f1525da772ee2810e5def08f6f92be3220cd09532440143b",
    "tracker_hash": "a913172547305608455d942b82c430a3eb7d7043d757014c8bd3da00afa9c3bf",
    "synced_at": "2026-09-01T22:35:24.412830+02:00"
  },
  {
    "plan": "plans/2026-09-01-ga-ur1c.4.2-delegation-test-lint.md",
    "plan_hash": "e7fed6ff8885b5c0aff5155ae5f2fbaa82673767951f4dc3ff6ff7822fc36dd1",
    "tracker_hash": "01235a6f273c374540d9005dd1b5434bb0f9411d803dafc363e0b5c4ba610818",
    "synced_at": "2026-09-01T22:36:34.184137+02:00"
  },
  {
    "plan": "plans/2026-09-01-ga-ur1c.4.2-delegation-test-lint.md",
    "plan_hash": "1cfa83d269bc03f95d9e4b62823189d92a545093e44de2c3b27001f77f0ad8cf",
    "tracker_hash": "5cbf4690ad61f44a1b8df3e4b72e7ac6b657013e98dd5ed50d0e61a316439ecc",
    "synced_at": "2026-09-01T22:37:15.130990+02:00"
  },
  {
    "plan": "plans/2026-09-01-ga-ur1c.4.2-delegation-test-lint.md",
    "plan_hash": "1cfa83d269bc03f95d9e4b62823189d92a545093e44de2c3b27001f77f0ad8cf",
    "tracker_hash": "daa64789c5bb5d68667bc7b4b5c60df70301170bf2a32465361a3652b163893a",
    "synced_at": "2026-09-01T22:44:45.198530+02:00"
  },
  {
    "plan": "plans/2026-09-01-ga-ur1c.4.2-delegation-test-lint.md",
    "plan_hash": "41cc2bc0be12339bb6f25b15d1884a8efbeda20c68b68b6c3821dfab23a9423b",
    "tracker_hash": "3f17359befba16956fc1f079bbb3efadcfaa612f671aa8c47412638af4981b9c",
    "synced_at": "2026-09-01T22:44:45.762343+02:00"
  },
  {
    "plan": "plans/2026-09-01-ga-ur1c.4.2-delegation-test-lint.md",
    "plan_hash": "41cc2bc0be12339bb6f25b15d1884a8efbeda20c68b68b6c3821dfab23a9423b",
    "tracker_hash": "3f17359befba16956fc1f079bbb3efadcfaa612f671aa8c47412638af4981b9c",
    "synced_at": "2026-09-01T22:44:46.238900+02:00"
  },
  {
    "plan": "plans/2026-09-02-ga-ur1c.6.6-desktop-transport-retest-attestation.md",
    "plan_hash": "ee41b451aba007bf25dfab9543f7a4d86ccad7d04a9eca1900b8f7b1402dedf9",
    "tracker_hash": "fb8fa60ca00f9d47ae03e46c09de3ad23c5e0ca81066b2cb8c3944592d9e01a0",
    "synced_at": "2026-09-02T00:00:10.205381+02:00"
  },
  {
    "plan": "plans/2026-09-02-ga-ur1c.6.6-desktop-transport-retest-attestation.md",
    "plan_hash": "ee41b451aba007bf25dfab9543f7a4d86ccad7d04a9eca1900b8f7b1402dedf9",
    "tracker_hash": "fb8fa60ca00f9d47ae03e46c09de3ad23c5e0ca81066b2cb8c3944592d9e01a0",
    "synced_at": "2026-09-02T00:01:14.153629+02:00"
  },
  {
    "plan": "plans/2026-09-02-ga-ur1c.6.6-desktop-transport-retest-attestation.md",
    "plan_hash": "e87b53b1cfb8b7772a50f7a8417f90acc3678ab58de2423a0a963e96aec8cee8",
    "tracker_hash": "aa7fa181586bd57126bfcff1e235305103f4f656e3dbc095c0130546fd2eab72",
    "synced_at": "2026-09-02T00:02:41.154175+02:00"
  },
  {
    "plan": "plans/2026-09-02-ga-ur1c.6.6-desktop-transport-retest-attestation.md",
    "plan_hash": "85384982e630903f2d4b8cb0f5269183c7d27c2da845c0c98253b35de70a00fe",
    "tracker_hash": "c6298cd3a79f800d1889f47e11f59efdf0ca3fa1c4a7c32d08dc2d43dd8a0233",
    "synced_at": "2026-09-02T00:19:51.998179+02:00"
  },
  {
    "plan": "plans/2026-09-02-ga-ur1c.6.6-desktop-transport-retest-attestation.md",
    "plan_hash": "85384982e630903f2d4b8cb0f5269183c7d27c2da845c0c98253b35de70a00fe",
    "tracker_hash": "2180b3f55fb53ba49afef0f1d5af2045ea78c83ee43ed8c1ab69cb5d6fad1236",
    "synced_at": "2026-09-02T00:28:34.787249+02:00"
  },
  {
    "plan": "plans/2026-09-02-ga-ur1c.6.6-desktop-transport-retest-attestation.md",
    "plan_hash": "85384982e630903f2d4b8cb0f5269183c7d27c2da845c0c98253b35de70a00fe",
    "tracker_hash": "2180b3f55fb53ba49afef0f1d5af2045ea78c83ee43ed8c1ab69cb5d6fad1236",
    "synced_at": "2026-09-02T00:30:07.043484+02:00"
  },
  {
    "plan": "plans/2026-09-02-ga-ur1c.6.6-desktop-transport-retest-attestation.md",
    "plan_hash": "404afdb319f294e082a33be7f0a3d59a8562405258858eda3a32d0bb9bd55027",
    "tracker_hash": "47cdaa0a1f752545bf52dd27d1f30aa40ed145a9f44dda00b86ea498bb3046d3",
    "synced_at": "2026-09-02T00:45:20.526655+02:00"
  },
  {
    "plan": "plans/2026-09-02-ga-ur1c.6.6-desktop-transport-retest-attestation.md",
    "plan_hash": "b115625d7ab5e09d019d7c41a45015e85c93a966de7c065f559ebc3bdbdccaa6",
    "tracker_hash": "6d8dc9eaeda5081bacf6ff0bb6ab4a011de7b802a57d8b59baf5c13a476dd29c",
    "synced_at": "2026-09-02T00:52:23.444413+02:00"
  },
  {
    "plan": "plans/2026-09-02-ga-ur1c.6.6-desktop-transport-retest-attestation.md",
    "plan_hash": "b115625d7ab5e09d019d7c41a45015e85c93a966de7c065f559ebc3bdbdccaa6",
    "tracker_hash": "6d8dc9eaeda5081bacf6ff0bb6ab4a011de7b802a57d8b59baf5c13a476dd29c",
    "synced_at": "2026-09-02T00:52:45.115584+02:00"
  },
  {
    "plan": "plans/2026-09-02-ga-ur1c.6.7-ga-ur1c-6-7-obsidian-check-serialization.md",
    "plan_hash": "7d7f6dd11d94812c8c68608a3c14c9f4c2184d493ecb605bbddaefe729b19980",
    "tracker_hash": "3386042922bbf9b61f91ec83d324b4fa14d6e4f965f7cde8a4caa241b18d44a3",
    "synced_at": "2026-09-02T01:00:26.116951+02:00"
  },
  {
    "plan": "plans/2026-09-02-ga-ur1c.6.7-ga-ur1c-6-7-obsidian-check-serialization.md",
    "plan_hash": "c640678e88ed9534939379dcce90a0713eb59b7f83e82a7b5e51addb73786971",
    "tracker_hash": "16f3e6f5142f58e835152534b2e592b4931ad0d0f9579553d01c6ce5965855b6",
    "synced_at": "2026-09-02T01:11:19.796840+02:00"
  },
  {
    "plan": "plans/2026-09-02-ga-ur1c.6.7-ga-ur1c-6-7-obsidian-check-serialization.md",
    "plan_hash": "6efe4d10f6ae430c40bb2127413567d49f6bd6276cca4699d4e35f6242618fdf",
    "tracker_hash": "72565efd6369d11a404dbaa5495c99ed1fe12484e65c0f02251cd45e9be74366",
    "synced_at": "2026-09-02T01:22:23.160245+02:00"
  },
  {
    "plan": "plans/2026-09-02-ga-ur1c.6.7-ga-ur1c-6-7-obsidian-check-serialization.md",
    "plan_hash": "6efe4d10f6ae430c40bb2127413567d49f6bd6276cca4699d4e35f6242618fdf",
    "tracker_hash": "f3eb7fbfad187106654e62e670f671e58a08af217684338ce74408ea510b2860",
    "synced_at": "2026-09-02T01:29:28.394656+02:00"
  },
  {
    "plan": "plans/2026-09-02-ga-ur1c.6.7-ga-ur1c-6-7-obsidian-check-serialization.md",
    "plan_hash": "74f3573a17b922ffaedaf3bf3efe7bbdbd24272d41a46873f8ea31a367c95ce0",
    "tracker_hash": "543f23161d8b71d1de42c6dd14de8d0437a1b8ccff5af6b816464f92bd447af5",
    "synced_at": "2026-09-02T01:29:29.010549+02:00"
  },
  {
    "plan": "plans/2026-09-02-ga-ur1c.7-canonical-root-audit.md",
    "plan_hash": "969741a213106a05035a98e4a1a43529bf583f4d0cc093ab40a3a7c21cc09b64",
    "tracker_hash": "8c4d0b6a70b1ea3f00143929f1f4e6a6312c368daadea866fcc2b5948c05f7d8",
    "synced_at": "2026-09-02T10:24:15.817296+02:00"
  },
  {
    "plan": "plans/2026-09-02-ga-ur1c.7-canonical-root-audit.md",
    "plan_hash": "e3da2eae0e3c439f18cf2c2d25f1d79a6628eeb92c573506ed0e7b627645d9cd",
    "tracker_hash": "ac1c3279a4e16d69586bf5d8f05f0dce42b96bad9610718c0961766f187621eb",
    "synced_at": "2026-09-02T10:36:18.668330+02:00"
  },
  {
    "plan": "plans/2026-09-02-ga-ur1c.7-canonical-root-audit.md",
    "plan_hash": "569aa8520d737085da57fd3e5178bb23252e57111b7f5bbaf81912628931dfd4",
    "tracker_hash": "ac1c3279a4e16d69586bf5d8f05f0dce42b96bad9610718c0961766f187621eb",
    "synced_at": "2026-09-02T10:37:36.882605+02:00"
  },
  {
    "plan": "plans/2026-09-02-ga-ur1c.7-canonical-root-audit.md",
    "plan_hash": "f2dfce9ab7bae47660f7cf72b13d50dd616aa149308926b09b64e534475bc6ff",
    "tracker_hash": "8ba56251ef629c5f3504c29f9e56bf322c67ef5ba4bcebb412eb2b06ba88badd",
    "synced_at": "2026-09-02T10:48:18.265137+02:00"
  },
  {
    "plan": "plans/2026-09-02-ga-ur1c.7-canonical-root-audit.md",
    "plan_hash": "b1c0dd37e02ee7e6a3ef71115bef2fe87cbba5b4e426619b8982c29ea8b67448",
    "tracker_hash": "eb83f803b7a9c79c555048c5efc88c0d88209d40933072f124b3aa94fdb11ab8",
    "synced_at": "2026-09-02T10:48:31.590639+02:00"
  },
  {
    "plan": "plans/2026-09-03-ga-e0t1-orchestrator-bootstrap.md",
    "plan_hash": "08d81403649556a246a3ee763a63665dc2240cf3ea8e18b6836085e3f0550862",
    "tracker_hash": "14013152f8a58c4a24b2b8e1f5793605b3c7daa1c01b2430c438bd716a4a3f74",
    "synced_at": "2026-09-03T13:44:45.663839+02:00"
  },
  {
    "plan": "plans/2026-09-03-ga-e0t1-orchestrator-bootstrap.md",
    "plan_hash": "faf0ba1e92891a18d6380af2734557f6879b82afbc07fb1f1eb3a643a8206630",
    "tracker_hash": "3b7729d0569d1e4d79e77c31e05d62d6230c927a6a6226a25ee91504d2f54ef1",
    "synced_at": "2026-09-03T14:01:51.556781+02:00"
  },
  {
    "plan": "plans/2026-09-03-ga-e0t1-orchestrator-bootstrap.md",
    "plan_hash": "92c01929add1e7ed4640fb371f7db2034fde0e0db2faf44be14f35ad708397f7",
    "tracker_hash": "3b7729d0569d1e4d79e77c31e05d62d6230c927a6a6226a25ee91504d2f54ef1",
    "synced_at": "2026-09-03T14:04:21.828031+02:00"
  },
  {
    "plan": "plans/2026-09-03-ga-e0t1-orchestrator-bootstrap.md",
    "plan_hash": "aad0c3e83f1451883868ae3834df3e9cd42b46af0eb3c70f30c3161a6e76554f",
    "tracker_hash": "4602fd1e10f64c9c3c1a080e657cbadc249e081b852538e1b447203b701ce18a",
    "synced_at": "2026-09-03T14:07:06.949674+02:00"
  },
  {
    "plan": "plans/2026-09-03-ga-e0t1-orchestrator-bootstrap.md",
    "plan_hash": "bb0c20f370dea09ffa2d31ea3b73d284303cb630fb0b2f5deaf5d7ad8f82120d",
    "tracker_hash": "da0180f6267f075cc37a522a13286073c13ec861893c476d60ccdbba33fb59e2",
    "synced_at": "2026-09-03T14:30:12.808258+02:00"
  },
  {
    "plan": "plans/2026-09-03-ga-e0t1-orchestrator-bootstrap.md",
    "plan_hash": "ea2ce7edc4a9767b0d3d802692b328626fcd655e7ca7fdb4bec5a56d704eaa78",
    "tracker_hash": "4b4ff3775c229de107df5483cd41973f8520dabdc5cf9224b995fb717c8a1401",
    "synced_at": "2026-09-03T17:45:57.832583+02:00"
  },
  {
    "plan": "plans/2026-09-03-ga-e0t1-orchestrator-bootstrap.md",
    "plan_hash": "cb86b6bc5b03a769203831b3a26a2a914e26a33a7e2996fabfa656970443453e",
    "tracker_hash": "3cb95437b7b028eeda0dd6f77bf31dbac6519b12b46ea66573ad0d4aae3740f9",
    "synced_at": "2026-09-03T17:56:52.544489+02:00"
  },
  {
    "plan": "plans/2026-09-03-ga-e0t1-orchestrator-bootstrap.md",
    "plan_hash": "039b5f0b829f69107d64d6df1a87f0f4ebcafc37247bf4584f50cda1f3fd221c",
    "tracker_hash": "1617ff56ef163456f8fbd00a52a171c19cb3f719b64d228821f503184f0495d2",
    "synced_at": "2026-09-03T18:07:21.743500+02:00"
  },
  {
    "plan": "plans/2026-09-03-ga-e0t1-orchestrator-bootstrap.md",
    "plan_hash": "039b5f0b829f69107d64d6df1a87f0f4ebcafc37247bf4584f50cda1f3fd221c",
    "tracker_hash": "1617ff56ef163456f8fbd00a52a171c19cb3f719b64d228821f503184f0495d2",
    "synced_at": "2026-09-03T19:09:30.122867+02:00"
  },
  {
    "plan": "plans/2026-09-03-ga-e0t1-orchestrator-bootstrap.md",
    "plan_hash": "27ee63b94c7e905dcd321a98d5ec7dd37e38fbb1399a3857877b069cae2b3e2d",
    "tracker_hash": "43451ad37c4560c5584e8d9f3526e7ff0005cfd6eceb8a8c3da58701025277f2",
    "synced_at": "2026-09-03T19:11:00.412957+02:00"
  },
  {
    "plan": "plans/2026-09-03-ga-e0t1-orchestrator-bootstrap.md",
    "plan_hash": "27ee63b94c7e905dcd321a98d5ec7dd37e38fbb1399a3857877b069cae2b3e2d",
    "tracker_hash": "43451ad37c4560c5584e8d9f3526e7ff0005cfd6eceb8a8c3da58701025277f2",
    "synced_at": "2026-09-03T19:12:55.159697+02:00"
  },
  {
    "plan": "plans/2026-09-03-ga-e0t1-orchestrator-bootstrap.md",
    "plan_hash": "8dcbb7b00d3e19a004da2196fe95cf60d67456bb306d9b33ec5f0d1da057beee",
    "tracker_hash": "5ac016056077c97fa284438ae219ea7346a8f3e15fc5cb809b600869ce971944",
    "synced_at": "2026-09-03T19:32:05.693397+02:00"
  },
  {
    "plan": "plans/2026-09-03-ga-e0t1-orchestrator-bootstrap.md",
    "plan_hash": "8dcbb7b00d3e19a004da2196fe95cf60d67456bb306d9b33ec5f0d1da057beee",
    "tracker_hash": "5ac016056077c97fa284438ae219ea7346a8f3e15fc5cb809b600869ce971944",
    "synced_at": "2026-09-03T19:33:16.372594+02:00"
  },
  {
    "plan": "plans/2026-09-03-ga-e0t1-orchestrator-bootstrap.md",
    "plan_hash": "0e109714bbb02c8c70591abb2369cc380997d195e416d4d75cf9633c7fc786f8",
    "tracker_hash": "bc4f328c970229a409fc6962d856d31c2bbc103fe03bf5ff954aa2a450a756b3",
    "synced_at": "2026-09-03T19:55:25.370923+02:00"
  },
  {
    "plan": "plans/2026-09-03-ga-e0t1-orchestrator-bootstrap.md",
    "plan_hash": "0e109714bbb02c8c70591abb2369cc380997d195e416d4d75cf9633c7fc786f8",
    "tracker_hash": "bc4f328c970229a409fc6962d856d31c2bbc103fe03bf5ff954aa2a450a756b3",
    "synced_at": "2026-09-03T19:57:27.531848+02:00"
  },
  {
    "plan": "plans/2026-09-03-ga-e0t1-orchestrator-bootstrap.md",
    "plan_hash": "59aa1f5e957bad529dcd8f7e2d4391b905b2ef556657579d0c4a0d474ad5f976",
    "tracker_hash": "db2aae988b2ae69d0675633bf4a2d779451e5eb849d6f55788687fe971a6d93d",
    "synced_at": "2026-09-03T20:00:16.393889+02:00"
  },
  {
    "plan": "plans/2026-09-03-ga-e0t1-orchestrator-bootstrap.md",
    "plan_hash": "1b9ec8331cf26b7217bdcff841249151060802455c7784b438ea77c277302542",
    "tracker_hash": "be68683c736e90643ae4468e8ac4da6b3bdcfda290f81ab0a2a0a9627b9456c5",
    "synced_at": "2026-09-04T08:52:24.249846+02:00"
  },
  {
    "plan": "plans/2026-09-03-ga-e0t1-orchestrator-bootstrap.md",
    "plan_hash": "1b9ec8331cf26b7217bdcff841249151060802455c7784b438ea77c277302542",
    "tracker_hash": "7ddcb878fd7ea9b0704588a99f6049a6be70fa3b8c2fd4ae90e2638a6e4df58e",
    "synced_at": "2026-09-04T08:54:24.694581+02:00"
  },
  {
    "plan": "plans/2026-09-03-ga-e0t1-orchestrator-bootstrap.md",
    "plan_hash": "1b9ec8331cf26b7217bdcff841249151060802455c7784b438ea77c277302542",
    "tracker_hash": "6f41ad25969069029f99f5a845298790b18e75e3dd5ce198575ad79c062c1a34",
    "synced_at": "2026-09-04T08:54:35.568603+02:00"
  },
  {
    "plan": "plans/2026-09-03-ga-e0t1-orchestrator-bootstrap.md",
    "plan_hash": "c19ecb907e3ef65c7a3854a1b92dc2e964c02e9e2983c94e0124868f34acea4f",
    "tracker_hash": "e1239a999f2d6e17a5b06e18a9fd59314b96adeee21c2b1b033d025803b0ff96",
    "synced_at": "2026-09-04T09:02:08.654965+02:00"
  },
  {
    "plan": "plans/2026-09-03-ga-e0t1-orchestrator-bootstrap.md",
    "plan_hash": "5ccaf01607c33da535c60b0d006066af4bd202856b0ebfabae119bf512371963",
    "tracker_hash": "470ad3af992caac0633c97c2a33b05e46f461895fec4a736f9ab5cc18561fab4",
    "synced_at": "2026-09-04T09:12:18.488005+02:00"
  },
  {
    "plan": "plans/2026-09-03-ga-e0t1-orchestrator-bootstrap.md",
    "plan_hash": "1aee425d021625098a5c9d247b45430527201a31160d26ee4b7ae5d45a2b0e44",
    "tracker_hash": "d010308c083583ff44660307899fc4f2fb55a9c0918f7a3a473ad0ea2c21b06e",
    "synced_at": "2026-09-04T09:21:35.353227+02:00"
  },
  {
    "plan": "plans/2026-09-03-ga-e0t1-orchestrator-bootstrap.md",
    "plan_hash": "fee49e0612e8adcc61a35aa4881bc27636c075f2a1ae6fcbaa17a6c9144f04ab",
    "tracker_hash": "c44031df45ec384de71fc480c7816d4c9ecca00b8133f0aeff7ecdf3980834e5",
    "synced_at": "2026-09-04T09:28:38.893122+02:00"
  },
  {
    "plan": "plans/2026-09-03-ga-e0t1-orchestrator-bootstrap.md",
    "plan_hash": "029be2b97fb9cd2955c69e6a1af4e9bf28d7ab3f112e007a6d597ae8cb8f65cf",
    "tracker_hash": "13720221a69034c115bdf7ca646348a174ae1904644022f349fe6fef25eab19d",
    "synced_at": "2026-09-04T09:40:40.866061+02:00"
  },
  {
    "plan": "plans/2026-09-03-ga-e0t1-orchestrator-bootstrap.md",
    "plan_hash": "c7a35ae259034c3e89ce892d78d2fcaf82cdd454afcdb8ec46776245e7017ac3",
    "tracker_hash": "a8197118489527e90c07481982931d7468f25cd76dd4872a40f85604ca6ccc63",
    "synced_at": "2026-09-04T09:44:33.731821+02:00"
  },
  {
    "plan": "plans/2026-09-03-ga-e0t1-orchestrator-bootstrap.md",
    "plan_hash": "c7a35ae259034c3e89ce892d78d2fcaf82cdd454afcdb8ec46776245e7017ac3",
    "tracker_hash": "a8197118489527e90c07481982931d7468f25cd76dd4872a40f85604ca6ccc63",
    "synced_at": "2026-09-04T09:46:58.843939+02:00"
  },
  {
    "plan": "plans/2026-09-03-ga-e0t1-orchestrator-bootstrap.md",
    "plan_hash": "0446dfa41465ff043956df81c76281438bbc31be2efc22bb027a9737dfa6d9f0",
    "tracker_hash": "822fb681272ddec65a136dd2fb7a1d229822d25deb10bbc4637cff5340689057",
    "synced_at": "2026-09-04T09:57:39.194969+02:00"
  },
  {
    "plan": "plans/2026-09-03-ga-e0t1-orchestrator-bootstrap.md",
    "plan_hash": "0446dfa41465ff043956df81c76281438bbc31be2efc22bb027a9737dfa6d9f0",
    "tracker_hash": "822fb681272ddec65a136dd2fb7a1d229822d25deb10bbc4637cff5340689057",
    "synced_at": "2026-09-04T10:04:10.887050+02:00"
  },
  {
    "plan": "plans/2026-09-03-ga-e0t1-orchestrator-bootstrap.md",
    "plan_hash": "712203b441db46892215383bcaa1bfd3e046be03b3a5bccd38e778320aa1354a",
    "tracker_hash": "b2dee2becc51e5b7007bf1703a8385755d2e3630bc04f3b18181da954808014d",
    "synced_at": "2026-09-04T10:12:23.548034+02:00"
  },
  {
    "plan": "plans/2026-09-03-ga-e0t1-orchestrator-bootstrap.md",
    "plan_hash": "1c42a39c549068f73daa273dbcd5daa2834504f12a9b55cc2012f2245ace17f7",
    "tracker_hash": "cb53964afadee2e2e64106fabe682ec5d583e0cda8db9e62270849cbafb27972",
    "synced_at": "2026-09-04T10:23:03.496936+02:00"
  },
  {
    "plan": "plans/2026-09-03-ga-e0t1-orchestrator-bootstrap.md",
    "plan_hash": "1c42a39c549068f73daa273dbcd5daa2834504f12a9b55cc2012f2245ace17f7",
    "tracker_hash": "cb53964afadee2e2e64106fabe682ec5d583e0cda8db9e62270849cbafb27972",
    "synced_at": "2026-09-04T10:37:16.911337+02:00"
  },
  {
    "plan": "plans/2026-09-03-ga-e0t1-orchestrator-bootstrap.md",
    "plan_hash": "f5742f423da92a839a66e45149ccd6d8a719780f2b98a4be3a3347caca7c55aa",
    "tracker_hash": "889f2d944efc3a5accdb50bb8b5c851d71756e43939ca89964779eaf1802a09c",
    "synced_at": "2026-09-04T10:38:08.757020+02:00"
  },
  {
    "plan": "plans/2026-09-03-ga-e0t1-orchestrator-bootstrap.md",
    "plan_hash": "f7114baf34e0c932f95b60a2eebc3c70bd297d9d32f5ab3fccc8010ef9d53677",
    "tracker_hash": "fa882b0b53cbd885409411fe0039edd9ddda591e7def28cebae8a00a20308bcd",
    "synced_at": "2026-09-04T11:17:11.238419+02:00"
  },
  {
    "plan": "plans/2026-09-03-ga-e0t1-orchestrator-bootstrap.md",
    "plan_hash": "f7114baf34e0c932f95b60a2eebc3c70bd297d9d32f5ab3fccc8010ef9d53677",
    "tracker_hash": "fa882b0b53cbd885409411fe0039edd9ddda591e7def28cebae8a00a20308bcd",
    "synced_at": "2026-09-04T11:18:31.721441+02:00"
  },
  {
    "plan": "plans/2026-09-03-ga-e0t1-orchestrator-bootstrap.md",
    "plan_hash": "55c0d4b760ed0468c18196192ccd4cadecb533697eacc33998874e422e197368",
    "tracker_hash": "383b1d28137de9cb16df0dc7ba0dd8142111dbb1c34e1fbb3538e4de247927fd",
    "synced_at": "2026-09-04T14:23:49.851409+02:00"
  },
  {
    "plan": "plans/2026-09-03-ga-e0t1-orchestrator-bootstrap.md",
    "plan_hash": "f2afb43259d8068eac19be9950d7be639ba6c1901ae0f04cc36dc46a80ad4b79",
    "tracker_hash": "48af7858e5d667f0fd08fbd308a4e0913281aa6fe4d4d49d2a88988053200105",
    "synced_at": "2026-09-04T14:33:20.886814+02:00"
  },
  {
    "plan": "plans/2026-09-03-ga-e0t1-orchestrator-bootstrap.md",
    "plan_hash": "04ac94906842f65571614ef3fb98a8563fce708513ae97f91b6b13c082cac74e",
    "tracker_hash": "e8ddfdb71baa9a5a27ee5ffa327e8defd137206a1c99dba62bdfb183615afa15",
    "synced_at": "2026-09-04T15:04:56.777342+02:00"
  },
  {
    "plan": "plans/2026-09-03-ga-e0t1-orchestrator-bootstrap.md",
    "plan_hash": "04ac94906842f65571614ef3fb98a8563fce708513ae97f91b6b13c082cac74e",
    "tracker_hash": "40da9c0f69875a18ee3a1de6695b39ee479c0a59af15eb8695662f70b3cfd360",
    "synced_at": "2026-09-04T15:35:56.177202+02:00"
  },
  {
    "plan": "plans/2026-09-03-ga-e0t1-orchestrator-bootstrap.md",
    "plan_hash": "04ac94906842f65571614ef3fb98a8563fce708513ae97f91b6b13c082cac74e",
    "tracker_hash": "4213d4c8b106dc0f59aba1eec0513f9aec2fbbdfc04a47edc46e3ab637c5eef0",
    "synced_at": "2026-09-04T16:02:47.245152+02:00"
  },
  {
    "plan": "plans/2026-09-03-ga-e0t1-orchestrator-bootstrap.md",
    "plan_hash": "04ac94906842f65571614ef3fb98a8563fce708513ae97f91b6b13c082cac74e",
    "tracker_hash": "ac05f5f94596287163d7e08ea7f3f1b62141c7045f9e21f6e3cc5fc3df2581bc",
    "synced_at": "2026-09-04T16:16:43.535905+02:00"
  },
  {
    "plan": "plans/2026-09-03-ga-e0t1-orchestrator-bootstrap.md",
    "plan_hash": "04ac94906842f65571614ef3fb98a8563fce708513ae97f91b6b13c082cac74e",
    "tracker_hash": "b5ceefa1ef6b9b8139b26b124668e1a5972bec1a6fd8da9cfb8c576a19ad0672",
    "synced_at": "2026-09-04T16:37:09.307533+02:00"
  },
  {
    "plan": "plans/2026-09-03-ga-e0t1-orchestrator-bootstrap.md",
    "plan_hash": "04ac94906842f65571614ef3fb98a8563fce708513ae97f91b6b13c082cac74e",
    "tracker_hash": "ca519e540e8621c95b3033e1004485a839f727e2ac535e5dda90c5462e9a56aa",
    "synced_at": "2026-09-04T17:05:22.565066+02:00"
  },
  {
    "plan": "plans/2026-09-03-ga-e0t1-orchestrator-bootstrap.md",
    "plan_hash": "04ac94906842f65571614ef3fb98a8563fce708513ae97f91b6b13c082cac74e",
    "tracker_hash": "ca519e540e8621c95b3033e1004485a839f727e2ac535e5dda90c5462e9a56aa",
    "synced_at": "2026-09-04T17:06:53.484877+02:00"
  },
  {
    "plan": "plans/2026-09-03-ga-e0t1-orchestrator-bootstrap.md",
    "plan_hash": "a3adf14d61c4a6f42aaa039e2a60fbca49d1e9e5463d6c50d8f9165355b30792",
    "tracker_hash": "a65b9b49c9e5d835c0237b80982908ae4f269d2e51c402a9b1142bfc22d4b407",
    "synced_at": "2026-09-04T17:08:49.344303+02:00"
  },
  {
    "plan": "plans/2026-09-03-ga-e0t1-orchestrator-bootstrap.md",
    "plan_hash": "a3adf14d61c4a6f42aaa039e2a60fbca49d1e9e5463d6c50d8f9165355b30792",
    "tracker_hash": "4e8fbd329d5cffac81437b184463a44761cabbff0e0b4657d9c35e7446c8ed50",
    "synced_at": "2026-09-04T17:19:57.515723+02:00"
  },
  {
    "plan": "plans/2026-09-03-ga-e0t1-orchestrator-bootstrap.md",
    "plan_hash": "a3adf14d61c4a6f42aaa039e2a60fbca49d1e9e5463d6c50d8f9165355b30792",
    "tracker_hash": "4e8fbd329d5cffac81437b184463a44761cabbff0e0b4657d9c35e7446c8ed50",
    "synced_at": "2026-09-04T17:27:03.572158+02:00"
  },
  {
    "plan": "plans/2026-09-03-ga-e0t1-orchestrator-bootstrap.md",
    "plan_hash": "696141b9f71aefe9ad8bd8910f28fa3abc316a6e592434d6321d7d37b7024431",
    "tracker_hash": "45d963e7f782225e434893fe8a2b8444e43e823704acf9df26b4a62119870042",
    "synced_at": "2026-09-04T17:30:54.866247+02:00"
  },
  {
    "plan": "plans/2026-09-03-ga-e0t1-orchestrator-bootstrap.md",
    "plan_hash": "0629f9d55c870ff33d8ded863aec4e6c469598b832dce4a511e9ab885a437d0d",
    "tracker_hash": "a3ef29d3a1cc8f7cb84cf388e115f47b093c83ff8053ceaf5913ca63a9b6ffd5",
    "synced_at": "2026-09-04T17:50:18.054085+02:00"
  },
  {
    "plan": "plans/2026-09-03-ga-e0t1-orchestrator-bootstrap.md",
    "plan_hash": "c23a1ec69569f84819fc044a5a0fb3ce0a7dde8515e26b0e2ba7f4f91b6b3f5f",
    "tracker_hash": "7f49e9b743b402567a69f94b93ed2ac2721a2d6d8cc0f2d4935f7ba1605cf46b",
    "synced_at": "2026-09-04T18:06:37.415950+02:00"
  },
  {
    "plan": "plans/2026-09-03-ga-e0t1-orchestrator-bootstrap.md",
    "plan_hash": "c23a1ec69569f84819fc044a5a0fb3ce0a7dde8515e26b0e2ba7f4f91b6b3f5f",
    "tracker_hash": "7f49e9b743b402567a69f94b93ed2ac2721a2d6d8cc0f2d4935f7ba1605cf46b",
    "synced_at": "2026-09-04T18:08:14.285174+02:00"
  },
  {
    "plan": "plans/2026-09-03-ga-e0t1-orchestrator-bootstrap.md",
    "plan_hash": "887be4c19457578388d6e3aaf97331f1ed526afb9a3571915599351e25e51411",
    "tracker_hash": "6f31a8112f2267200c1d16d303ad2264a716d7fb57e6bc58dff46b93b06c5b9a",
    "synced_at": "2026-09-04T18:23:58.692619+02:00"
  },
  {
    "plan": "plans/2026-09-03-ga-e0t1-orchestrator-bootstrap.md",
    "plan_hash": "860d1cb9727afb75fdf59b6187c5453bbb33f1f7335f21c97a4fb727749c2f46",
    "tracker_hash": "91b398e6c16a567e10c23ab6dbec4bc6664183b401d3bfbd19af8252d9d6fb54",
    "synced_at": "2026-09-04T18:28:59.050612+02:00"
  },
  {
    "plan": "plans/2026-09-03-ga-e0t1-orchestrator-bootstrap.md",
    "plan_hash": "860d1cb9727afb75fdf59b6187c5453bbb33f1f7335f21c97a4fb727749c2f46",
    "tracker_hash": "91b398e6c16a567e10c23ab6dbec4bc6664183b401d3bfbd19af8252d9d6fb54",
    "synced_at": "2026-09-04T18:56:26.912881+02:00"
  },
  {
    "plan": "plans/2026-09-03-ga-e0t1-orchestrator-bootstrap.md",
    "plan_hash": "88f16323b889661956133c6420d0e88dd65f77a9a9f377e260191c0162efbc7c",
    "tracker_hash": "5b96cbad1d54434030fffdec7d94929c83ebc59f8e1df372fd93898a37899c38",
    "synced_at": "2026-09-04T19:10:01.882867+02:00"
  },
  {
    "plan": "plans/2026-09-03-ga-e0t1-orchestrator-bootstrap.md",
    "plan_hash": "88f16323b889661956133c6420d0e88dd65f77a9a9f377e260191c0162efbc7c",
    "tracker_hash": "5b96cbad1d54434030fffdec7d94929c83ebc59f8e1df372fd93898a37899c38",
    "synced_at": "2026-09-04T19:44:47.408914+02:00"
  },
  {
    "plan": "plans/2026-09-03-ga-e0t1-orchestrator-bootstrap.md",
    "plan_hash": "cd2957eeb2f3e9e1743d4e9dd79ece92198d8b8df889c03ae0db4753d926db82",
    "tracker_hash": "1cd3eaa0db8b40253be9c9b9ea7e6ae1e64c9a6acf8fae44b2788359dcde2390",
    "synced_at": "2026-09-04T19:46:08.953974+02:00"
  },
  {
    "plan": "plans/2026-09-03-ga-e0t1-orchestrator-bootstrap.md",
    "plan_hash": "cd2957eeb2f3e9e1743d4e9dd79ece92198d8b8df889c03ae0db4753d926db82",
    "tracker_hash": "20031b62c6024c1b19b40380260e2514cfc4aa19c2a8781006e98cf6300e25d4",
    "synced_at": "2026-09-04T20:05:32.813563+02:00"
  },
  {
    "plan": "plans/2026-09-03-ga-e0t1-orchestrator-bootstrap.md",
    "plan_hash": "cd2957eeb2f3e9e1743d4e9dd79ece92198d8b8df889c03ae0db4753d926db82",
    "tracker_hash": "20031b62c6024c1b19b40380260e2514cfc4aa19c2a8781006e98cf6300e25d4",
    "synced_at": "2026-09-04T20:08:39.961779+02:00"
  },
  {
    "plan": "plans/2026-09-03-ga-e0t1-orchestrator-bootstrap.md",
    "plan_hash": "cd2957eeb2f3e9e1743d4e9dd79ece92198d8b8df889c03ae0db4753d926db82",
    "tracker_hash": "20031b62c6024c1b19b40380260e2514cfc4aa19c2a8781006e98cf6300e25d4",
    "synced_at": "2026-09-05T10:28:09.140972+02:00"
  },
  {
    "plan": "plans/2026-09-03-ga-e0t1-orchestrator-bootstrap.md",
    "plan_hash": "cd2957eeb2f3e9e1743d4e9dd79ece92198d8b8df889c03ae0db4753d926db82",
    "tracker_hash": "fcbcd9054ed63737d12a262c675f46463ae58f2275293482d859cc78dfca1f6f",
    "synced_at": "2026-09-05T10:29:47.395957+02:00"
  },
  {
    "plan": "plans/2026-09-03-ga-e0t1-orchestrator-bootstrap.md",
    "plan_hash": "de97578aac779aef868e6e054e92d999b9752d12697705fcc9b0d7a8b109e769",
    "tracker_hash": "fe932c9408474905e60260592d309a02dd5a0a08c33e53caec11e03a20135d54",
    "synced_at": "2026-09-05T10:33:31.149292+02:00"
  },
  {
    "plan": "plans/2026-09-03-ga-e0t1-orchestrator-bootstrap.md",
    "plan_hash": "4b27aeba7b73d0c08eaba3d431b7bfea16f60ea77dda2a2cbdefc85edc960869",
    "tracker_hash": "3415cb58c765f81278ceef45b37c57f24af5f78b378f92713170eab00ab6ab6c",
    "synced_at": "2026-09-05T11:15:40.390056+02:00"
  },
  {
    "plan": "plans/2026-09-03-ga-e0t1-orchestrator-bootstrap.md",
    "plan_hash": "ee01f63ec44e4c8a35160e6531fe94843b3650b725888ed32a0d2464f8705e78",
    "tracker_hash": "684e43c67ac23bbf81e936a002ab4e2ace382417eeaa8d22cfbc5eca2e002947",
    "synced_at": "2026-09-05T11:50:38.435989+02:00"
  },
  {
    "plan": "plans/2026-09-03-ga-e0t1-orchestrator-bootstrap.md",
    "plan_hash": "42c9ea34610d5b23ad6ee9645e0fb016e8218e046114ec93384176ea4307816c",
    "tracker_hash": "92f24f756e752185115c731c17d6e25d2b26d5de1fb08997e3429f8af9411125",
    "synced_at": "2026-09-05T11:53:38.553277+02:00"
  },
  {
    "plan": "plans/2026-09-03-ga-e0t1-orchestrator-bootstrap.md",
    "plan_hash": "28cee70c9b5087eeccede651ec63038d468dab13387b86c987dbfb77ed260927",
    "tracker_hash": "42d5ceeceb09f86e3125ea92d0fc236a5b5d41f21150850b60c36d7d3243e55c",
    "synced_at": "2026-09-05T15:37:29.324507+02:00"
  },
  {
    "plan": "plans/2026-09-03-ga-e0t1-orchestrator-bootstrap.md",
    "plan_hash": "28cee70c9b5087eeccede651ec63038d468dab13387b86c987dbfb77ed260927",
    "tracker_hash": "b63c6ecbecb9004cf6005be664e768fb96c85bb2d13fb1a46cb7197946de74d0",
    "synced_at": "2026-09-05T15:39:28.845190+02:00"
  },
  {
    "plan": "plans/2026-09-03-ga-e0t1-orchestrator-bootstrap.md",
    "plan_hash": "2e771b9a7361902d2c8bb83f64d7e6c9dfb338a083c23d1229aa694c77668e27",
    "tracker_hash": "6a1ab0e1660efefababfca3354bfee42c52019de0d8ce8e50dd56f1c8c9689ec",
    "synced_at": "2026-09-05T17:15:08.392441+02:00"
  },
  {
    "plan": "plans/2026-09-03-ga-e0t1-orchestrator-bootstrap.md",
    "plan_hash": "40516d35d99bef3b834d9d623ac5608f2601b25bc8f4c6dac1e1ea7af7e49cc3",
    "tracker_hash": "7bcec52c1035e332e67de1c14d4276a1a698110725752c03704e020d819b1ec3",
    "synced_at": "2026-09-05T17:51:58.995755+02:00"
  },
  {
    "plan": "plans/2026-09-03-ga-e0t1-orchestrator-bootstrap.md",
    "plan_hash": "40516d35d99bef3b834d9d623ac5608f2601b25bc8f4c6dac1e1ea7af7e49cc3",
    "tracker_hash": "400871d97ecbb5a91c538fd99fda7916430a60fe9e63f88fb39e78e3340281a4",
    "synced_at": "2026-09-05T17:54:15.270598+02:00"
  },
  {
    "plan": "plans/2026-09-03-ga-e0t1-orchestrator-bootstrap.md",
    "plan_hash": "40516d35d99bef3b834d9d623ac5608f2601b25bc8f4c6dac1e1ea7af7e49cc3",
    "tracker_hash": "d7b8f8f09916e049b4502d78eb3bcc32efcb3f815eeb6712305ab8ffe7b47deb",
    "synced_at": "2026-09-05T20:32:24.417726+02:00"
  },
  {
    "plan": "plans/2026-09-03-ga-e0t1-orchestrator-bootstrap.md",
    "plan_hash": "4fae141f3e4b852ba0b8beb0b41f9a83a0ee815fc84feaa2d175278ad9d032a9",
    "tracker_hash": "657808772663b460231ba766f76e39253410921837b12061b793a24c14b8ffef",
    "synced_at": "2026-09-05T21:25:31.601827+02:00"
  },
  {
    "plan": "plans/2026-09-03-ga-e0t1-orchestrator-bootstrap.md",
    "plan_hash": "4fae141f3e4b852ba0b8beb0b41f9a83a0ee815fc84feaa2d175278ad9d032a9",
    "tracker_hash": "f02984090116a6f1b6e0130784245ed67310f1e89ef4ae18edfe76a1456c9830",
    "synced_at": "2026-09-05T21:36:09.603637+02:00"
  },
  {
    "plan": "plans/2026-09-03-ga-e0t1-orchestrator-bootstrap.md",
    "plan_hash": "4fae141f3e4b852ba0b8beb0b41f9a83a0ee815fc84feaa2d175278ad9d032a9",
    "tracker_hash": "f02984090116a6f1b6e0130784245ed67310f1e89ef4ae18edfe76a1456c9830",
    "synced_at": "2026-09-05T21:45:34.698691+02:00"
  },
  {
    "plan": "plans/2026-09-03-ga-e0t1-orchestrator-bootstrap.md",
    "plan_hash": "4fae141f3e4b852ba0b8beb0b41f9a83a0ee815fc84feaa2d175278ad9d032a9",
    "tracker_hash": "b4ebadc1e6eea8f86686a8ec9ca70c164a0353c07be831f6f125fedc05e89c77",
    "synced_at": "2026-09-05T21:55:14.014566+02:00"
  },
  {
    "plan": "plans/2026-09-03-ga-e0t1-orchestrator-bootstrap.md",
    "plan_hash": "4fae141f3e4b852ba0b8beb0b41f9a83a0ee815fc84feaa2d175278ad9d032a9",
    "tracker_hash": "4f6e9c661b855977b6e8c4b29127820efa5f11a96cf47d24673522b26e73438a",
    "synced_at": "2026-09-05T22:11:40.461158+02:00"
  },
  {
    "plan": "plans/2026-09-03-ga-e0t1-orchestrator-bootstrap.md",
    "plan_hash": "4fae141f3e4b852ba0b8beb0b41f9a83a0ee815fc84feaa2d175278ad9d032a9",
    "tracker_hash": "76c5df5870f12d037f496a64c3171ea59287789bc1e4c12c3563596ede68a906",
    "synced_at": "2026-09-06T00:05:32.780930+02:00"
  },
  {
    "plan": "plans/2026-09-03-ga-e0t1-orchestrator-bootstrap.md",
    "plan_hash": "4fae141f3e4b852ba0b8beb0b41f9a83a0ee815fc84feaa2d175278ad9d032a9",
    "tracker_hash": "76c5df5870f12d037f496a64c3171ea59287789bc1e4c12c3563596ede68a906",
    "synced_at": "2026-09-06T00:07:09.359608+02:00"
  },
  {
    "plan": "plans/2026-09-03-ga-e0t1-orchestrator-bootstrap.md",
    "plan_hash": "4fae141f3e4b852ba0b8beb0b41f9a83a0ee815fc84feaa2d175278ad9d032a9",
    "tracker_hash": "d918074f9bd7ab0ed3e3198aed1949b3a2bd607b528359f6cf0aeaacabb2c90a",
    "synced_at": "2026-09-06T08:12:29.634439+02:00"
  },
  {
    "plan": "plans/2026-09-03-ga-e0t1-orchestrator-bootstrap.md",
    "plan_hash": "d61f76dd855fbe96398f041e99f51a78d6598b6343e5423a5948bbd8bbb84938",
    "tracker_hash": "93dccb55f82c0c987bd3e92addbc656910e7341d1b2664a0239bab7b5549b116",
    "synced_at": "2026-09-06T17:10:22.876571+02:00"
  },
  {
    "plan": "plans/2026-09-03-ga-e0t1-orchestrator-bootstrap.md",
    "plan_hash": "d61f76dd855fbe96398f041e99f51a78d6598b6343e5423a5948bbd8bbb84938",
    "tracker_hash": "93dccb55f82c0c987bd3e92addbc656910e7341d1b2664a0239bab7b5549b116",
    "synced_at": "2026-09-06T17:11:01.288273+02:00"
  },
  {
    "plan": "plans/2026-09-03-ga-e0t1-orchestrator-bootstrap.md",
    "plan_hash": "d61f76dd855fbe96398f041e99f51a78d6598b6343e5423a5948bbd8bbb84938",
    "tracker_hash": "86df155b3463760c7264924ac7d547a09fdda2f6a1ecd6f36b94ebe9dc87463c",
    "synced_at": "2026-09-06T18:07:15.869604+02:00"
  },
  {
    "plan": "plans/2026-09-03-ga-e0t1-orchestrator-bootstrap.md",
    "plan_hash": "d61f76dd855fbe96398f041e99f51a78d6598b6343e5423a5948bbd8bbb84938",
    "tracker_hash": "4396ad0a36f217ca9549983b039cc7b2c3afb9417acd8337bb5112e077e1a1c5",
    "synced_at": "2026-09-06T18:27:32.167322+02:00"
  },
  {
    "plan": "plans/2026-09-03-ga-e0t1-orchestrator-bootstrap.md",
    "plan_hash": "d61f76dd855fbe96398f041e99f51a78d6598b6343e5423a5948bbd8bbb84938",
    "tracker_hash": "7afb024a16f6dcfe48bcb98c75cbc3813d49428e04663eb76d5de68bfbfc39cb",
    "synced_at": "2026-09-06T18:45:42.290622+02:00"
  },
  {
    "plan": "plans/2026-09-03-ga-e0t1-orchestrator-bootstrap.md",
    "plan_hash": "d61f76dd855fbe96398f041e99f51a78d6598b6343e5423a5948bbd8bbb84938",
    "tracker_hash": "0f4813634278a9ac64d8d836b576a6a09402edaadcb8c30e0e0ef800da2cb753",
    "synced_at": "2026-09-06T19:23:32.532868+02:00"
  },
  {
    "plan": "plans/2026-09-03-ga-e0t1-orchestrator-bootstrap.md",
    "plan_hash": "d61f76dd855fbe96398f041e99f51a78d6598b6343e5423a5948bbd8bbb84938",
    "tracker_hash": "eb1efa0c41e35af4b7f3a843543c36ddf30ef8d23baf01bb8d4a8a7b30259b6f",
    "synced_at": "2026-09-06T19:36:32.534374+02:00"
  },
  {
    "plan": "plans/2026-09-03-ga-e0t1-orchestrator-bootstrap.md",
    "plan_hash": "d61f76dd855fbe96398f041e99f51a78d6598b6343e5423a5948bbd8bbb84938",
    "tracker_hash": "c0fb25c8b85a3ebbba647bbfb302cc36a9355d0fa0b77ff854171def0b4160c5",
    "synced_at": "2026-09-06T20:21:27.473549+02:00"
  },
  {
    "plan": "plans/2026-09-03-ga-e0t1-orchestrator-bootstrap.md",
    "plan_hash": "d61f76dd855fbe96398f041e99f51a78d6598b6343e5423a5948bbd8bbb84938",
    "tracker_hash": "6dd4452f20e098a9b57d543ae7e3229517329b2f65ca9840f8afa52090c98908",
    "synced_at": "2026-09-06T20:35:56.238159+02:00"
  },
  {
    "plan": "plans/2026-09-03-ga-e0t1-orchestrator-bootstrap.md",
    "plan_hash": "d61f76dd855fbe96398f041e99f51a78d6598b6343e5423a5948bbd8bbb84938",
    "tracker_hash": "d063155e86e7d64d3605f999490cb0a8e5b027b2ff12406f04184b18ae8d961d",
    "synced_at": "2026-09-06T20:45:49.692168+02:00"
  },
  {
    "plan": "plans/2026-09-03-ga-e0t1-orchestrator-bootstrap.md",
    "plan_hash": "d61f76dd855fbe96398f041e99f51a78d6598b6343e5423a5948bbd8bbb84938",
    "tracker_hash": "557c71460008e3426e5d544b4376434f8fbd0f55456be56c1752bfa22c783378",
    "synced_at": "2026-09-06T21:46:33.907406+02:00"
  },
  {
    "plan": "plans/2026-09-03-ga-e0t1-orchestrator-bootstrap.md",
    "plan_hash": "d61f76dd855fbe96398f041e99f51a78d6598b6343e5423a5948bbd8bbb84938",
    "tracker_hash": "bba75da8581b903083acbdfae53a33bfd98227a0ff8f07bb7c4a5df729252ddb",
    "synced_at": "2026-09-06T21:47:58.196469+02:00"
  },
  {
    "plan": "plans/2026-09-03-ga-e0t1-orchestrator-bootstrap.md",
    "plan_hash": "d61f76dd855fbe96398f041e99f51a78d6598b6343e5423a5948bbd8bbb84938",
    "tracker_hash": "e846e7630e040018f156c05e742f5f451dc909a694899860c48214ab74611223",
    "synced_at": "2026-09-06T22:12:56.462130+02:00"
  },
  {
    "plan": "plans/2026-09-03-ga-e0t1-orchestrator-bootstrap.md",
    "plan_hash": "d61f76dd855fbe96398f041e99f51a78d6598b6343e5423a5948bbd8bbb84938",
    "tracker_hash": "b5d8ce6d43a9872516c727fd707ae4692557d8bbcff9a473c90b63ff7bacee9c",
    "synced_at": "2026-09-06T22:38:50.702921+02:00"
  },
  {
    "plan": "plans/2026-09-03-ga-e0t1-orchestrator-bootstrap.md",
    "plan_hash": "d61f76dd855fbe96398f041e99f51a78d6598b6343e5423a5948bbd8bbb84938",
    "tracker_hash": "d46cfb9c0947533449641068c99092e69686dc26be79f3a1a477be39ab6deffe",
    "synced_at": "2026-09-06T22:45:45.764815+02:00"
  },
  {
    "plan": "plans/2026-09-03-ga-e0t1-orchestrator-bootstrap.md",
    "plan_hash": "d61f76dd855fbe96398f041e99f51a78d6598b6343e5423a5948bbd8bbb84938",
    "tracker_hash": "8c028d3c5de999fb9dd0bea79205fbf725a0002c48af7754fd3fd30f6bca6894",
    "synced_at": "2026-09-06T23:11:47.154555+02:00"
  },
  {
    "plan": "plans/2026-09-03-ga-e0t1-orchestrator-bootstrap.md",
    "plan_hash": "d61f76dd855fbe96398f041e99f51a78d6598b6343e5423a5948bbd8bbb84938",
    "tracker_hash": "d5a98ee44bfc7748707563ddaea6aecb577697327b9764428653aca8dde07fa0",
    "synced_at": "2026-09-06T23:27:47.291513+02:00"
  },
  {
    "plan": "plans/2026-09-03-ga-e0t1-orchestrator-bootstrap.md",
    "plan_hash": "d61f76dd855fbe96398f041e99f51a78d6598b6343e5423a5948bbd8bbb84938",
    "tracker_hash": "3449fc7013615fb355cac04950868e4b6ab653f72ad895bddc672128bc8c8321",
    "synced_at": "2026-09-06T23:44:46.392410+02:00"
  },
  {
    "plan": "plans/2026-09-03-ga-e0t1-orchestrator-bootstrap.md",
    "plan_hash": "d61f76dd855fbe96398f041e99f51a78d6598b6343e5423a5948bbd8bbb84938",
    "tracker_hash": "b72ad585f7f70cb1ebdb4c28089b5fc49b6760f1aa4c508191b14b1dd2490a4d",
    "synced_at": "2026-09-07T00:05:38.370197+02:00"
  },
  {
    "plan": "plans/2026-09-03-ga-e0t1-orchestrator-bootstrap.md",
    "plan_hash": "d61f76dd855fbe96398f041e99f51a78d6598b6343e5423a5948bbd8bbb84938",
    "tracker_hash": "9ca0f73f901073a0d38731e9b864a16368369bf2992d962850a281d4c62ab7f4",
    "synced_at": "2026-09-07T00:06:21.256663+02:00"
  },
  {
    "plan": "plans/2026-09-03-ga-e0t1-orchestrator-bootstrap.md",
    "plan_hash": "d61f76dd855fbe96398f041e99f51a78d6598b6343e5423a5948bbd8bbb84938",
    "tracker_hash": "f3f8a8c68ed980c249b4a6e9244c937d96b9d392c5da8362dea4009fc5c1b8e9",
    "synced_at": "2026-09-07T00:37:20.595402+02:00"
  },
  {
    "plan": "plans/2026-09-03-ga-e0t1-orchestrator-bootstrap.md",
    "plan_hash": "d61f76dd855fbe96398f041e99f51a78d6598b6343e5423a5948bbd8bbb84938",
    "tracker_hash": "bc106d5bbc5598b354e856007c1a2390e1d297f1f4d0c2bffa8fb0a5de894fe0",
    "synced_at": "2026-09-08T00:03:30.964649+02:00"
  },
  {
    "plan": "plans/2026-09-03-ga-e0t1-orchestrator-bootstrap.md",
    "plan_hash": "d4a5751c6460b142e6efa1c0c6f76d4a29ebfdd5b593ba6fc012ed8a23dc27fe",
    "tracker_hash": "47f7d2195acc667f97e89bc50d072ab9f7ce3b2ccdfbfdceb2565fbb75230691",
    "synced_at": "2026-09-08T11:46:42.186814+02:00"
  },
  {
    "plan": "plans/2026-09-03-ga-e0t1-orchestrator-bootstrap.md",
    "plan_hash": "d4a5751c6460b142e6efa1c0c6f76d4a29ebfdd5b593ba6fc012ed8a23dc27fe",
    "tracker_hash": "bad1b9211b361d105faa53fa3413349896fb18567dc10f499de020ecaa0e28ed",
    "synced_at": "2026-09-08T12:22:32.648661+02:00"
  },
  {
    "plan": "plans/2026-09-03-ga-e0t1-orchestrator-bootstrap.md",
    "plan_hash": "d4a5751c6460b142e6efa1c0c6f76d4a29ebfdd5b593ba6fc012ed8a23dc27fe",
    "tracker_hash": "bad1b9211b361d105faa53fa3413349896fb18567dc10f499de020ecaa0e28ed",
    "synced_at": "2026-09-08T12:22:33.674237+02:00"
  },
  {
    "plan": "plans/2026-09-03-ga-e0t1-orchestrator-bootstrap.md",
    "plan_hash": "d4a5751c6460b142e6efa1c0c6f76d4a29ebfdd5b593ba6fc012ed8a23dc27fe",
    "tracker_hash": "030f3d3f4ad7caa518ec3aa49bddb18d5912ff0057aa21946de88575bc42b79f",
    "synced_at": "2026-09-08T17:10:12.252952+02:00"
  },
  {
    "plan": "plans/2026-09-03-ga-e0t1-orchestrator-bootstrap.md",
    "plan_hash": "decb8f6077f11ec0124933be4a798386828b26e711ea3a7879ef957ec0df2dc8",
    "tracker_hash": "63059ebeec36f812c2be5580532d6411f880580918ee082041d9a49b70231035",
    "synced_at": "2026-09-08T18:03:56.232675+02:00"
  },
  {
    "plan": "plans/2026-09-03-ga-e0t1-orchestrator-bootstrap.md",
    "plan_hash": "decb8f6077f11ec0124933be4a798386828b26e711ea3a7879ef957ec0df2dc8",
    "tracker_hash": "63059ebeec36f812c2be5580532d6411f880580918ee082041d9a49b70231035",
    "synced_at": "2026-09-08T18:09:40.821889+02:00"
  },
  {
    "plan": "plans/2026-09-03-ga-e0t1-orchestrator-bootstrap.md",
    "plan_hash": "decb8f6077f11ec0124933be4a798386828b26e711ea3a7879ef957ec0df2dc8",
    "tracker_hash": "fadd10c435c68a8195a44b1d5a3f507ad4fa183533d7252ef018234ee186bf64",
    "synced_at": "2026-09-08T18:22:15.236409+02:00"
  },
  {
    "plan": "plans/2026-09-03-ga-e0t1-orchestrator-bootstrap.md",
    "plan_hash": "decb8f6077f11ec0124933be4a798386828b26e711ea3a7879ef957ec0df2dc8",
    "tracker_hash": "fadd10c435c68a8195a44b1d5a3f507ad4fa183533d7252ef018234ee186bf64",
    "synced_at": "2026-09-08T18:30:10.082898+02:00"
  },
  {
    "plan": "plans/2026-09-03-ga-e0t1-orchestrator-bootstrap.md",
    "plan_hash": "decb8f6077f11ec0124933be4a798386828b26e711ea3a7879ef957ec0df2dc8",
    "tracker_hash": "fadd10c435c68a8195a44b1d5a3f507ad4fa183533d7252ef018234ee186bf64",
    "synced_at": "2026-09-08T18:31:43.580931+02:00"
  },
  {
    "plan": "plans/2026-09-03-ga-e0t1-orchestrator-bootstrap.md",
    "plan_hash": "decb8f6077f11ec0124933be4a798386828b26e711ea3a7879ef957ec0df2dc8",
    "tracker_hash": "fadd10c435c68a8195a44b1d5a3f507ad4fa183533d7252ef018234ee186bf64",
    "synced_at": "2026-09-08T20:01:50.117206+02:00"
  },
  {
    "plan": "plans/2026-09-03-ga-e0t1-orchestrator-bootstrap.md",
    "plan_hash": "c3501d862a19e1addb32decf6880323637d0dbc3f9febc562e65dcbb80d4faa7",
    "tracker_hash": "ac8b3da7b293a99da6be6fea2389115576480a86c1d4f4102ec62b5e4e73a2f0",
    "synced_at": "2026-09-08T20:31:56.796678+02:00"
  },
  {
    "plan": "plans/2026-09-03-ga-e0t1-orchestrator-bootstrap.md",
    "plan_hash": "c3501d862a19e1addb32decf6880323637d0dbc3f9febc562e65dcbb80d4faa7",
    "tracker_hash": "ac8b3da7b293a99da6be6fea2389115576480a86c1d4f4102ec62b5e4e73a2f0",
    "synced_at": "2026-09-08T20:41:55.750873+02:00"
  },
  {
    "plan": "plans/2026-09-03-ga-e0t1-orchestrator-bootstrap.md",
    "plan_hash": "c3501d862a19e1addb32decf6880323637d0dbc3f9febc562e65dcbb80d4faa7",
    "tracker_hash": "149c7c3fe90f47902fc6f89814518bd02e0e00a3ce74eba592d8f6bd5b2b25cc",
    "synced_at": "2026-09-08T20:46:14.529618+02:00"
  },
  {
    "plan": "plans/2026-09-03-ga-e0t1-orchestrator-bootstrap.md",
    "plan_hash": "c3501d862a19e1addb32decf6880323637d0dbc3f9febc562e65dcbb80d4faa7",
    "tracker_hash": "bb7edcb0c73fdc4916af7323c2c1ce0ba3daa20109404f8053cfbb6a2f85e2c0",
    "synced_at": "2026-09-09T00:05:22.412431+02:00"
  },
  {
    "plan": "plans/2026-09-03-ga-e0t1-orchestrator-bootstrap.md",
    "plan_hash": "c3501d862a19e1addb32decf6880323637d0dbc3f9febc562e65dcbb80d4faa7",
    "tracker_hash": "bb7edcb0c73fdc4916af7323c2c1ce0ba3daa20109404f8053cfbb6a2f85e2c0",
    "synced_at": "2026-09-09T00:06:32.322827+02:00"
  },
  {
    "plan": "plans/2026-09-03-ga-e0t1-orchestrator-bootstrap.md",
    "plan_hash": "9f84a6cd2360ac106e7b898a784318104e4c3f70bd3efa83952eb183ae136e10",
    "tracker_hash": "3ae7facc2e612633f92160d4173dea745f940cc5cbb2351b75d166943cd3e9a3",
    "synced_at": "2026-09-09T00:22:13.730190+02:00"
  },
  {
    "plan": "plans/2026-09-03-ga-e0t1-orchestrator-bootstrap.md",
    "plan_hash": "a229116f87941bfd48d8d68e2e82b0a8960d0d2b6eda0a0e6254272d3548fccc",
    "tracker_hash": "834ec418990e10f2659f40e389393665e65c2e016a6e9e75bd87460b3c9a442f",
    "synced_at": "2026-09-09T01:07:25.770583+02:00"
  },
  {
    "plan": "plans/2026-09-03-ga-e0t1-orchestrator-bootstrap.md",
    "plan_hash": "3947d03c4bf7c200bee769563f184be20e2da0b7bfc64f2ba73e7a23700c50c8",
    "tracker_hash": "dced31bfd3b2dc53941054aafb8b1643b179ae88ffbbc27ff050aa3f13334e08",
    "synced_at": "2026-09-09T02:09:21.414782+02:00"
  },
  {
    "plan": "plans/2026-09-03-ga-e0t1-orchestrator-bootstrap.md",
    "plan_hash": "55ca6be2af49a72ed919c2888bc4a0431a8b02d011ec2962c12302d2d1629c4b",
    "tracker_hash": "da06853e60f7f3d5e9f20d0a74adba124a578d20e3dcd5ed162b1ae3fdfd3635",
    "synced_at": "2026-09-09T02:52:55.085165+02:00"
  }
]
